Ticker,Date,Title,Source,Link
CHAMBLFERT.NS,2021-05-23 07:00:00,Fertilizer and Agrochemicals Companies: An Analysis - marketfeed,marketfeed,https://news.google.com/rss/articles/CBMijgFBVV95cUxOM1BBZTUxS3ZGcEN6ODMyQnVwczdhZHhHYkVHQWNrcWNtNGFkLWpqVFhzTzdhT045QzNrRU94amJ1ZERicGhMdGlQZnlPSXNSWG1CZDdualVkdXZSXzRYNVhuSEZzYmd3V3prb0lBT1prSnVkTHp1RmN2S1ZCODZKMFg5SEg3ek5oalNVVm9B?oc=5
CHAMBLFERT.NS,2021-05-10 11:27:54,NSE/BSE Listed Companies Starting From C - Equitypandit,Equitypandit,https://news.google.com/rss/articles/CBMiUkFVX3lxTFBRT0sxS1FlWXIxXzdSajhxR3BpUmZWX3pXdmtBYnN3LVlJVnNUbC1yb09UN0JydmE5SGxLYjJDSUhiTWN0c2o3TnZOWHVaX0NCa0E?oc=5
CHAMBLFERT.NS,2021-09-22 07:00:00,"These 8 fertilizer stocks doubled in a year, but saw up to 40% dip recently; worth a look? - Moneycontrol",Moneycontrol,https://news.google.com/rss/articles/CBMi4wFBVV95cUxNTlhGcnFZRU1wMmRLcWxPZThRUXMxNjRFYWhtTU91b0Iyak5OeHBKdXFvRTFwLS1hOUxHdlJGbWlvcDQtUHREY1JIcUlyRVVSVV9KTnRfT1hlMzBwZjBzRWJOdFpacUx5X3dmU1Uzd1ZaZkV4NlZ5allBSGliWFkxNW9qN2Z0a3B0NERaLXpzQWIxMGNVU2RWdm5XZ3NMMDlzRGd3a0hRNG9XME50YnoxU3EybTJtck5LeTNWWGlRSnZBcjdETUxmRmp1bEtGbTEzNmdUZzZlMWNjbXA4bF9Jc0Uza9IB6AFBVV95cUxQLThqcWxlU3lsTXZjbXJvSk5vX241cU0zSDhxVHdETWhxOEdyeXlxaFl4UWpBS2lMTGtfM1h0UHRDY1NtaXBYd0JaSGNEb0RnQmtxMnRHQlZiUHNNSVh1LTBVSkZNNFdIZnlNUkd6Z0ZrcGI1TTl2MXFOUEVnTnRac2hBelZlcUVuZk02NEdvYXVxV21GYzRJUlBrdUxiNUhGVjI2NEtZSUZ3Z3U0RXhWSE1pQjFXb19ULTBtTnNaY1I4cjcyQWxGMHcwRzlXa3FGTVNnUXM2a1BKRHoyU0dvNUJVYXRuSk5v?oc=5
CHAMBLFERT.NS,2022-01-28 08:00:00,India's Agriculture Focus: The Top Fertilizer Companies in India to Watch Out For - Equitymaster,Equitymaster,https://news.google.com/rss/articles/CBMi4wFBVV95cUxNVC1GWWpURWY0THNJdEZPbExaVF9KdV9IcUt3elE3NnVJVTZMMTFJYWVlMURpZTRDdDl0M1VWcG1uZFJiSXRvQ2VZQnhPZHNhQWdiUk1hZ0VsNFVXXy1ORmR2Ylg2YUZVYWZEbThpS28weU1hdld2OUZwaXdIYkF4Z2JMM1dtUnNLVDFtZ3VjdjNSN1hhRE0yc0VObU9HQUViZVkyMmFfa0RJa2x5TnRUcE5CcTEwbDhVMEtNRjVhSENJNFNLVkQ3OEtzNDBZbWFDLWRvY0ZNOGgxWE1HZ04zNnRiUQ?oc=5
CHAMBLFERT.NS,2022-06-21 07:00:00,Trade setup for today: Top 14 things to know before the opening bell - Moneycontrol,Moneycontrol,https://news.google.com/rss/articles/CBMizAFBVV95cUxORE9UbkU0eUxCVm9wWXBucmdRYWxpeHJ1aUxuQ2QxZkg5V3Q3Q2NWdUkzNWxTOWNWR0VmQi1GRzFZU3hSUGdodk05M3NuU1UwQ3JrVWNicThkOVJDTXV1Mm84cVl1Q0xvYlZ4TE1VZkVmZWd6UnF6dzhwajlERy15NDMwQlhuSDhxTDcwS1M3VVdTdjdSQUp0b0djWlpNeElDeG9IdWN1SkF3ZlR5dkNwMlFDYXlMWllQN05sVjl0OTNUQm5oQ05TS0hDOGjSAdIBQVVfeXFMTUdIMjZyS051LUE5WkFDWWVoOURBZkNiamNZOGp3enQ0cHR0djRaY0JYdmxCekk4cHQ5QUNhODJEc1YydmhLQVRoelAyWlFzRWlidlNfVXNKSnp5YTRGdTdIU29YQUl5TjgwbDZqRDhoOV9OakVyNThSVVlRX0pjSzFISkRNbm94U3g1WXBqdVJQZHZ5SVlFS21pOHpJMlZyTUd4cW5lMDd6ZS1uZ241WGxRb2xFbVVIckliLUNvNHFLRkk1d3hpaW9BdFMtekxYdDZn?oc=5
CHAMBLFERT.NS,2022-06-22 07:00:00,Deepak Fertilisers eyeing growth from transformation into specialty play - The Economic Times,The Economic Times,https://news.google.com/rss/articles/CBMi3gFBVV95cUxOb3Ywc2dPa3ZYZjBzdFRoXzRYdV9xSl9Kc0c4b0xlWXM2cEhJWlJubUdvODhWbWZveW1aaEZqVFRrZDlLS3NBSlRzV0JlenpnclBpVmppV0VyUXBPNDM5LXpHN29HSFQ3OUhJY2h3ZVJ5YkdQeHgxOHYtUWMyMTdBNXkxWjFOUkFybFQ2SVlrS3lnS3IzWVkwX3ktTHRFcm9oUkQwd053X1ROQ3hwMHNyT0RaLU9yeVhUN3lQQVpmZlBWSmZCdkQ1M2tETElMczBrek1JOHFlSzlpSVdjR2fSAeMBQVVfeXFMTkRLdE0wX0s4REtmVVpjWVBOVzFJMTBpX1ItRGpWeVdBa3lHM3NaVnVDbVFTeW9SdmJTcXZvbEI1UFd3eUlqaWRzOUpQcE1YSEM2MmNpUnhFSmNVeHV2Z0V4SFhSWUpVSm5pRlpHTjdJM0JMMHdibXkyWTBsa21WWms4bmM5MlpQMlE2Ym5rcWFHZFluVGpHemk4MFVlYXY4U0NobjlUYVFYQmp6aTdyWmZfRmhOX0NWVjBSVHpDX25wU3VNVWNRNEt2cnZ2aE0tNDN0cTZmX1Nnbk1jcENvZVhUd2c?oc=5
CHAMBLFERT.NS,2022-06-30 07:00:00,"Amid sanctions, Russia becomes India’s top DAP fertiliser supplier - The Indian Express",The Indian Express,https://news.google.com/rss/articles/CBMiswFBVV95cUxOR3AySDlqQTFRR2hLamZGYnhwZTFlY0dmQmdYdGozTXdjSi0yb2g1WjFOaEJCZHlIc2NTSTR6OHJwRmU4RzkwbjI2d3l1V0FqYUVOQ29weDY0cmRKdFcxTGJLbmxkYXJpc25WMTBjaWNPWklucS1uMW9JVmhYZ3JYMWtqVWllbXY3MnRoSFpCSnduZXVWakFBUWcwbng4ZkRoNjdTYzhlaVBLYVZlblEyUDNlTdIBugFBVV95cUxQZnJEQzVCMnAxaWx2aFN5cmxvTHBKeHBsUEc2YUttNUF2LTUwUjJrRzZmamtTQVhTeUhDc2NqSGpOM2FUX2JEYTh5cHlPT3ZoN1Zrc0Y0SWgwVXluX1JuVmFyZm1RY2FDZkdSUElXR3QtYV9hVGROVG14eDB5NWtsajkzWFJ2dGNfWm01aUlhbUlBQUl3NTdJcXFqSkg5SlRwOXFEcFprNS1lS1lQS256NmpTSURMeFVjcnc?oc=5
CHAMBLFERT.NS,2022-06-22 07:00:00,Deepak Fertilisers eyeing growth from transformation into specialty play - The Economic Times,The Economic Times,https://news.google.com/rss/articles/CBMi3gFBVV95cUxOb3Ywc2dPa3ZYZjBzdFRoXzRYdV9xSl9Kc0c4b0xlWXM2cEhJWlJubUdvODhWbWZveW1aaEZqVFRrZDlLS3NBSlRzV0JlenpnclBpVmppV0VyUXBPNDM5LXpHN29HSFQ3OUhJY2h3ZVJ5YkdQeHgxOHYtUWMyMTdBNXkxWjFOUkFybFQ2SVlrS3lnS3IzWVkwX3ktTHRFcm9oUkQwd053X1ROQ3hwMHNyT0RaLU9yeVhUN3lQQVpmZlBWSmZCdkQ1M2tETElMczBrek1JOHFlSzlpSVdjR2fSAeMBQVVfeXFMTkRLdE0wX0s4REtmVVpjWVBOVzFJMTBpX1ItRGpWeVdBa3lHM3NaVnVDbVFTeW9SdmJTcXZvbEI1UFd3eUlqaWRzOUpQcE1YSEM2MmNpUnhFSmNVeHV2Z0V4SFhSWUpVSm5pRlpHTjdJM0JMMHdibXkyWTBsa21WWms4bmM5MlpQMlE2Ym5rcWFHZFluVGpHemk4MFVlYXY4U0NobjlUYVFYQmp6aTdyWmZfRmhOX0NWVjBSVHpDX25wU3VNVWNRNEt2cnZ2aE0tNDN0cTZmX1Nnbk1jcENvZVhUd2c?oc=5
CHAMBLFERT.NS,2022-08-25 07:00:00,"One Nation, One Fertiliser mandate: Companies may risk losing brand edge - CNBC TV18",CNBC TV18,https://news.google.com/rss/articles/CBMivgFBVV95cUxNZ1JvdGEtdkJoR0pPTVU5elFWaG4xOV9XOU9vWlBGT1luMGxzdldCNnlIQk90d05mXzBmSHd0VGR3VDB0NzVXVEF3YTFTSm10MW56UGc4WUNDaGdoU0JHRGVZYlRhWEVvME1FekJVZk1iXy1tNzUxY1NKeC1TRzU1azhTc0piU1pQV1JPMkpURFdfWWZja3BzTGYzZ3RpUm5zMHdaTzliZFhUSnltRm5GaUg1Ml9kUUNhejN6Uml30gHDAUFVX3lxTE56NV9zNWxHRTlaMHBJQ3JqeXg5OG9IY29HeUluRUEtVTBXZy1FdWh3V3hoMU9EZ2tvaU1GX3V6NDF2Y1h4Q0hSR2k0WmhQV2pWRk45XzlTcVVPZEdleXVweXpPaERpMjJ6UU5rdWcyYTBYSnNyMDFDdVl5U2tJUEJKaXNEVnF4MFo2NVJEYVdjOWJGRUstb0VUS3hsS3VxZzU3YWJ4SWxLNWhicUlzNHBFQVVWY1hIVVFzWk1ucXN4QWZqRQ?oc=5
CHAMBLFERT.NS,2022-09-28 07:00:00,Three fertilizer firms sign MoU with Canada's Canpotex to import potash - Business Standard,Business Standard,https://news.google.com/rss/articles/CBMi4gFBVV95cUxORFo1eVZrZGg4enNUXy1SSi1objVyZDAxMElrTTFfendqczhzeHFNN2I3bUlUbnRJb0pLdEFyMXY2SVhobTJ6X0tTYnJpYmNGZlAtQVFvU1FYaDYxZnBDVWlJYVdIZFhSR2FEMklPV1JUajFKNWVWRXl2SEp1OGJ4UElwTndLeE9RakZablRGamp1QXF4RHV1TndvUHNhTUtLaWtCS1pGOFhHd00xTDVJcm9WV0NWZzJPbGs5UW5iRWs5dl9qV0Y0UmVfeVE0TEIzbVhXeUc1RjJrOXE1VTh6Wmp30gHnAUFVX3lxTFBhYUp4S1ZSVHBlSFoySmVFRXZaam9XX0o4dmZPaWtPREhNNjdnTU1yS2F1VHRvWGp1M2ROcEN3bVJXSDB1d1RXY2dKMk02Mm1ETHhfZUNTNlZQX3Y3WUpVWkhZYjVuTWhEQWFWc09WWE9fS3k3M3VPTmFMRTF5VWdiZXllcWZ4QlVGbFItYm95OHJRa3l5QUlKUGpZNVR2eTQ1TERPSlZfZzNIMkpIRndaWlVrQUZ1X0IxRVJ4ZVZmNlc0Nmk0VG1aMmV2SjF4ZXA1SlpJWXNDSjBId0dYY0hfRVRjUDBfSQ?oc=5
CHAMBLFERT.NS,2022-12-13 08:00:00,Budget 2023: Govt may increase urea subsidy to tide over supply deficit | Exclusive - Zee Business,Zee Business,https://news.google.com/rss/articles/CBMixwFBVV95cUxQeUVSeEpxbUI2TjZEaHFaR2FTM24ybU96SzdBeVZSalFQOGRsWWZmeXZJVnZwMDVTaTJhSDRlbS14OVk1aDl1STR5aXlncm9kU2hDNUM2V1c5T0x1RU5PcDN6bk1IcTQ5QlV4dWNtSUs1ZlVTR3EzbVNTd1I3dURnTlVNMl9yc0E4WGN0VEc3cmlZTHZPdERwOHRCZTdOc0F1STFaNHptaUtSc0laMjRzY2JCMFpMSVB2NGhLVEVWSC1TSWxuU1lN?oc=5
CHAMBLFERT.NS,2023-04-26 07:00:00,"New dividend, bonus share policy to create value for Gujarat PSUs: Analysts - Business Standard",Business Standard,https://news.google.com/rss/articles/CBMiyAFBVV95cUxQbk5WTTNRenFMVmJlWWZzRFNuenRFSFNLWGNIeTlUeHZ6aUxqWjNhblhTbTY2V1NtRFEwR2tZLUtzSmNmTWI2RFhPUnhZWVkzSUxYa3Bqc3NSVjdrMDFpcTBHZ1BZZFRBa243dzhuUVYxanRjMWEzQk5adzd1c1ZFRDRrUVVaUTFjTGpjb0hhdnV0V3hPUGhrUEJISzF1dXBTbmNIM0hhclR2aktXckVVb0J6QVB1eXhlVWxuNVM4Y2s0aFE1NHc2dtIBzgFBVV95cUxONlY1bWJsMkdRVnpqZDdya1hPaXFXZWhJb29iUTRBS1dibGNGTENrU3BsajFQbUNoMjFCV2JHalNtd180VDFkRUJLTERKRGhSUHR2VTVzU0NrbEl5dE1wdlRJdWg3c1VvVkdPZDQ4Qmd2aEFJUnBramtTRFFRdHVtV0dkSlNUaG1EWXZTWEN3X1BKWXdHMUlOMjQ1bFd2SVVMLXp6ODV4UEx2YWVGRHRDRWR5SUp4ckZYUVlkZ0V1UjRmMldHRXhYNkJ6T0VMQQ?oc=5
CHAMBLFERT.NS,2023-05-09 07:00:00,"Fertiliser diversion: Govt cancels 112 licences, files 30 FIRs in 6 months - Business Standard",Business Standard,https://news.google.com/rss/articles/CBMi1wFBVV95cUxPNFpSZi0tYV9CTUlRb1RkSWVQSGJTV2VDMWMwUzczajVuUDBxSUZXTE5OdWtYemhnRFNqNDVlNzNmSzlwU0lRYkpwczc3ck1FQ1UyS3BCUFFTMUJCWkVCWmJHT1VQNm5vbUIzUERHbnd6VVIwS1l3S0w0MFphVkI1YklhM0VSbXBOdEFVOVEwMjNCVm5DVTRVOXFYaVRzejhGb0xxSWlwa25XUDhGb3lJMlREX2xGRmRSZUlsWjdHcllRNk1NbVowNUQ4cWx0NmVTZ09zR0xKNNIB3AFBVV95cUxQaXZsV0pEWHdDb3NSV2tnVkh0NFZqcXFVc1NNamM2MGFiY21qN2RoUVg1bDcta1JXcmFUQXg4YzBLd25HRktPamM5UmU2Y01PMEduWF8xQlZGcW1sSGlucmVtbVJOck5oZmsxMGJ6U002Z3lHNlFHYmVWQkxQZ1JQN0kwN1Y2dk5ZQng5anJXZmYxVlNjTnlJbGQzSW9JYUozOFNtUklNRlptNE5oUi1DQkhwbjFSWjRYVm1rQV8wZjNLdmlYRk43NnN2S0czeE9NRWViQ2V1VVhBd3NU?oc=5
CHAMBLFERT.NS,2023-06-14 07:00:00,Six fertiliser stocks trade in green with FACT share price zooming over 14%; Here's why - livemint.com,livemint.com,https://news.google.com/rss/articles/CBMi6gFBVV95cUxPSEJGaUFsUEs0ZklaRUVHbXJMVmc3b3EzTzdxcWdqLW9ZWFdKLUdiaHZJVnNVbkI3R3ZLWTRRZnl6dGtSek1zbk96M2FGTnMtWDlmME14dzdSV056UURGMy0wZ3B6RE4xSFlLN2hHdlJ2cVBTWG1TOUl4TUhKT0oyZENtcVZtZHVydFozcEQ3amU1d0J4VHVHNEdfLTdJUEZRc0stRC1XUGI5dWp3RmdlcU5VRnItVG84VVRhRGIwY2hQa0xuTkU3MDB6QmhXb1Fzd2stRUQtdzlaYWc0cFZDbDR4Qm1EeVpUSmfSAe8BQVVfeXFMT2FqM1dVbWhadTVoS0hTeXV6amVEUkRSakJwZUhNUEVNRVk1UlBHbWxEWUkxT010NUNsX1drQTBaNXZxOHQyQVFJOTdQU1I2cFlKM3R1a2hCWUtFZXRsajNUS2Y2S010bTU0UHBXZG42NENXOU81MmFKRWtPakJpbDFjd1RBbU8tNnB0UWlxQjdHUG9QUGtSRnZVWjJxaHZiTmYzRW5jM1lTRU1FTU13eGZZamFHeWltTWdDQ1NxaTlFbFJvM19ha3p2TTF0TlBRYW93NmszeEVVUVlMU0pNNDA4dU1xRUduYjZGZk1pZ0k?oc=5
CHAMBLFERT.NS,2023-05-19 07:00:00,Centre working on rolling out petrochem policy: Mansukh Mandaviya - Business Standard,Business Standard,https://news.google.com/rss/articles/CBMi0gFBVV95cUxQWHZRdFFMSGZCTXhsTmoyMnNIeWxMVF9JNlRPMTRuY1lJajRTUGVtOVNqQmh1SjF2Y3I5emhZM0tJOFpwSFN6dUdzTkdRTEM5bER2OTd2Z21mSkp1RmNfX3J0bnhWWmU3V3VZTm0xRlhYZlY0WnYtOW1wQThqR3o5OGMxemVGQi16dmpXRkZxemV6WWR1WG5JaHRDcml6Tmd1dzJaZlk1T0o1dGdGUEMwZDc1bFZYaHBKbG9JemliM1g1ZnYwM2VyaGFHRmpGSDFXUXfSAdcBQVVfeXFMUDVrTnF2OEprY2p5WjloUTVGcGNEck1IeE1ha3N6N1kxWXBCMENDVWJhOGM4NnZTdkYzNV9DVU5VQ0tiMzRPZHdXMG9VbS15WUNQRHF4Rk5qWWtQSWtBUmhsakZKcnlLTG9HVWtGal81SEpWbFU5VFJYVFlnNmRPaW9rdzhKNlFENUU4RThDVE9BZXhic2Q3ZVR3bEpJZUthcjRBMktfNldZMGE3MjhHc0pacE5OY3RiM0RFVUx3UzZ5RVg1UVRkZWJiSGY1VENiYTdLS3M5YW8?oc=5
CHAMBLFERT.NS,2023-05-30 07:00:00,"Sensex touches 63k intraday, closes 120 pts higher; ITC, HDFC Life shine - livemint.com",livemint.com,https://news.google.com/rss/articles/CBMizgFBVV95cUxQalY2Nlo1ZnJSYTY3VjRrcVZjRUV2VGh2d3BfSzRKTjVLam04Tl9TN2ZRU2hyaElEVkpteUhGSnFETnZ3TUthY3ZHMllXWFlCUFB1aFk5MF9scDAyUG9fbUI5NWhjWGpHWEI2b2dRRTkzek9xdy0ta1hVYzdMZG9FVjV1a0NEclFrZkpJc000WWF4eVNGRTE3dDFBbnluSEgySmlIU0NWUENMYXB0WUNFUXNqQjY3WEUzX0VsdnFPQ2p5cDFvcjB6VElOVmVTZ9IB0wFBVV95cUxQOXhvNkxxOUEwakdjZ1JxamdaYTcwVk9ZeU1jSWZPQWJILUFpMDJsNG5LY1B1UFRiREF0RThKclZuWk1fYjRaYjF3WkYyeEdyM25KVG96MU9HQlJrSnhNM2d2WjRXRTVXT1Jsc0w5eFZyYmxSeFpMdFpfQWlQY2NGc3FlTV94SExwZUpKcndlc0xtZnZpNVN2R0dOYlZWRzllTG44QTVoc21fQmtBZVM5WTBZU0xUWHlQTi1NY1RVMUNVREdZZVplSEYyZGNOcFc4by13?oc=5
CHAMBLFERT.NS,2023-07-12 07:00:00,"Exclusive: Paradeep Phosphates considering stake buy in Mangalore Chemicals, say sources - Moneycontrol",Moneycontrol,https://news.google.com/rss/articles/CBMi2wFBVV95cUxNeDFWTGQxQm94RzJ1eWFUT2JJZ0lBWWZOVFU1dkdaY0NZdUdhQWx3Y2t1UFc5S1ZkSjlfNElFR0JrR18wTEpwV2JLYzZJWG1FS1hSYWRiMEE4YjRISzY5NlhhRzMxOXBBNmdpTUNBUFdXc2VqZ01vSDNUMllTMzFpNlVjak8zMXhVMlJhZjdPUjlsNllfU0gyTXJDMU5LNkUtbGQ2OEgyYS1RUTgyYWVUcTE1eTFfcTVCb1VxMFhic3RYSWtnOGhkWXc3UVFlTU5UU2R6UGc0Wk5fWHPSAeABQVVfeXFMTkdLWS1FQ2FvUU0wWTdKbjJvVjdxZjFhQlMtaGVPUmNrenA5akZSSWtOdTF5Q0JKNnlWNlR6MThLcmVSdGRHQkxLT2pyUVBNYi1UYmp0WDdBQmJJbDRjZ0plV1RwdDVFVENkSWFxNDNPTW5kM2NjamVETGMyTVpjX29pbW03V1ZuYkNSWGJ6eEdmZmNGUlJtcGZNelFMNDF2V09DRExFaXhYYTYzQlNsUXdOM3JyUUt3VTQ0NjlnVkg0amctWEVWdk1BV2thYWhaMDdtQmtGYzhKVzhVemI1ZEM?oc=5
CHAMBLFERT.NS,2023-08-08 07:00:00,"Chambal Fertilisers, Delta Corp, 4 others placed under F&O ban on NSE for August 9; check details - livemint.com",livemint.com,https://news.google.com/rss/articles/CBMi9wFBVV95cUxPbXZJRG9RR0tuekh0STJ2WXZHYmZQRTE4d3ZuTnlPdDdSdkZGVkZIOGZPUWhvcDR4b3dsTXlkVEpSRE9iendYVVpDckxGMEZYWHdNNEFzSEx2TFhPQXMxYTdwekc4bmJTNmJoakdWSEw2SzZtOVZUcUlISTlCNmFsd0RFR2tyUEpjdjJrdXhXNEttRmRIU1FFaGxGdi1Xc0tDa2FSdnQ1MUgwc1dJbGtFbUpFSUlxd1hmNmJyTkYya3c0dC1sSXRNU1ZSaE1jQlY4U19qXzRFRTNxalNqQ3RKS1RPUmt5VEFPRjllUy1TbFlKRm9FQllr0gH8AUFVX3lxTFBZdXJNcThEMGZhcnFud2V1bWg4d2hyWG5PN1lKcGhmTHBpQnhkanJIYlBXNmhmeEczUGVsZTIxSTV4bU1lQmV1eWwwem5kelY1dHpxZFdvYWs5RnRCVXJZY0JFWXhIQUx3ZFZBQUpha2hTb01LRVRpMDhNV0prMU1BQmJkbk5WSjRQeGxlc1pSeWJsQm5VdXQxZGRQdFJqMEU5LVRENG9OZDdNeDg5REtQUkVRZjZMMGtrTWRmcm82bU5FTElqTlAzNGJyZ1pMQkdlNkVmZDdZd0cwd1dnck9VVkNIUHNGQ3lZbkN2WTUxWnhSdW4zUURpNlZFaQ?oc=5
CHAMBLFERT.NS,2023-08-24 07:00:00,Chambal Fertilisers & Chemicals Stocks Updates: Chambal Fertilisers & Chemicals Sees Marginal Increase i... - The Economic Times,The Economic Times,https://news.google.com/rss/articles/CBMi2gFBVV95cUxPdEdtNUxXODhCT2tCcE96T21wUHdyNG9pTnI4akhxb1dtcFBaNjIwSXczNTBScTNLWE9zcUFxZ2ZwdkRTSjl0R0JyZ1o4eGZSUUVHMlU1Ny1RRXJmYi1uYkhmbUlYQWs5Mm0tNHc0dldzT2VLTkpZeEZ6NnJ2dkp4RVFpdktDM1YzV3NwMmJkcUc1OXBBNDE5clpaNzF6Nm5WZWFpZGlJczhlQVBWRV94QjR4V1BVTWRtNGZZUk5rc3YxX3R6MTJwU0VCcFhMSjNDamdVRldYTFZxUdIB3wFBVV95cUxNdEk3UHk1Z0hHRC1tc2tBSVFURHV3a093TzJ5T1l2c3dDRHotQXJzdE01U0hzRXF0MHZXeDF3RWJVU3dseTI3Ni04d0c5aTNFU0tUS09qYXJZYkVrMDE4MFg0LUJPNU9KM3pJeS11akx5WFBXR2VCclZVLW91VkVmSExlcFQyQUVicmNjdW85UXBUaTVhWkxsb0RNc1RoVm51NlprVmF2ZUdIQzFzSWZ4Z2JWWUdobnp2UzBUZzlKYW9ZRVlyekt3SHlUQ1didU8tbVJ5ZGo0bTJ5OEd0b1lF?oc=5
CHAMBLFERT.NS,2023-08-24 07:00:00,Top 6 Stocks with Consistent Rise in Promoter Pledging - Equitymaster,Equitymaster,https://news.google.com/rss/articles/CBMiwgFBVV95cUxNSUZuVmg5bnhMVVZKeVktTzZZY0ZBZGRZdUhNaDUzUzBSYTVsMkJ6WGZpb0JnRE85ZWZXQk9sUW5YVU9pUU5GaWF3QkdkZm9XZ1dfems4b2w5aUk0empjX0YxS054NzFVazh6Z3RxMzhqRlF6cjZ3UjJYeFNkdVJvemtLd1VhSVNhM0pRNWl5WjhWcGpFbU1ma1piNDlUN3JFTzNXQVF2V1NPNWNxQmpWanRRQkluLTFLZG5pU1BsR1hhZw?oc=5
CHAMBLFERT.NS,2023-08-23 07:00:00,Chambal Fertilisers & Chemicals Share Price Today Updates: Chambal Fertilisers & Chemicals Closes at Rs ... - The Economic Times,The Economic Times,https://news.google.com/rss/articles/CBMi6AFBVV95cUxNb2JGTGxYOFVOTDRlOFdwLVpNYlF6ckk5Y2tWQ3ZoQVFTekZLb0E3ZGJGTFF2eS1ONlNFU19kYUhDclA3elhsWWpDWm01UmdiQThqWTF0YW8tQnJPNGN0QWhGZmFHam9CZ1FpRW54cXd5R2g0ZW5XVE52bzRUVmZ6R213Q0F5SmFsTmM4c2tMMG5sbmlTTkR0Y05XOF9sZndPcmN6ajBLcER0SlcyMjR5Vnh6VTFGUmc3M0xpaDZNRTEtQnJLOXd3SkN1X1lRekVUYXJfTngwaV9INTludzBpWWZLQ05DY2Fl0gHuAUFVX3lxTE9ycjFTQzJfWmVwLTBlZi1DeFBBdG9WRDlsVjhYY180OFN3UnR6REoxa0tqcy11TWFEQmRwWVpsbkVyZkxLdTFycDlqN2pWZmltUm94WmxvcFNIWTQwcHpSRGxkMXY1MjVQOWgzUTNYNHBjVEtGbGRwdkpCMkNFZGRyOEpNUEJMNkYwSDJWaGpXZDlSZXJZTHdUT0d3MENsX3dpd3VPdl85OFFRXy1lMHhDelI3Y1BxaEQyTW4yRENHY0dRQUhCR1hMSngwMHhPRm9CQ3NGSm5PS3A0T0dlSXljRW9Bak5MNGdKdGU5Wmc?oc=5
CHAMBLFERT.NS,2023-08-21 07:00:00,"Market Closing Highlights: Sensex ends up, Nifty above 19350; Jio Finance worst hit, IT stocks surge - livemint.com",livemint.com,https://news.google.com/rss/articles/CBMi4wFBVV95cUxPNGtmOW1za0Y4aFFXMUVwSTFybE0xeVQ0VXljNTJhc0VWdzFTZktrTEMwTHZObGp5MFE2TlpidVVSUFo4NWpxak51bTRvOE5ramlaLU5CbVRlSUV5SWtsTWcyd0h5WmE5R2ZTRk13QzA0NUc3YXktdjlLSm5rUnBkUUQyRndDUmZ6UzdXYUtfaXFQRDR3RFFrM3pvb2hHN0ZRTTR4eEFiYV9QcHVXOS1ybDBVSkpTWXlxWHI4Z3VvNjVodnZhaS1pci15dkktWW1pOHRSWUxEdU8wRGtaWS16WkhDWdIB6AFBVV95cUxObjJyTUdCRE9Nc3RVc2xfVk5oZzlGOG5PdVhrZXE1eGxWVTdhVzZlTlVfa3JCZmdOa043cGZYTFFRbTVncjg4VjhsQlNfVExGemZjTmdNaFozSmZBRVkzdFBxUk1HLVgzRVl5Y0hFMGUwQy1FbEFxYzBvR29QTUtGWnFtNHM4VThyLVl1VmdmQ05rNWtBS2tOZGFSRV9uSl95OHF2QWhCeW5PdkFiRFdiaG9wd2RmbmdmZzZPT1duUzY2NGs1bHZMNEVzM2hLNHdfZFVlSzhnekF5dzEwamxzMEgxRmUtTXB5?oc=5
CHAMBLFERT.NS,2023-08-24 07:00:00,"Govt plans to curb subsidised-urea diversion to plywood, other industries - Business Standard",Business Standard,https://news.google.com/rss/articles/CBMi1wFBVV95cUxQYjVYMWFVbjVrVUZ5ZnV2c1J3UHd0VUN5SDF2OGV0dTFkS3Z3dzNzaHVzMFk0dWVjWXhOeVdxS3VSaDB2bFRaNHJxT1lTekNfM3h0UU5fWTM1UW5lV19tX1g0OEQtUWphZ0xDanJSTXNiNW5uUkFrMk10a1BpSDdvRHJSRDNWOTNXeVlaUzhMTkxUR0hPU28zMnJWUmQzMFhCeWVOajJ3RXZPUzc2UlpNaHFwZTVIVHEzS2QydzZSN1hmZXdaSkY5YlNfeEQ5T3l3TVR5RHhNY9IB3AFBVV95cUxOMWtKUmc4bE12THRkdE8yZE9pcVRSY1ZtZ3hwOTFlQzhLLVRoSnplWWRSY1RVci1HR3pfb1BBbFg4c0xPY1htRVNKdTJNQVl4UEl5cU1ob0dWWGhGX1c5UGR4N1ZZNzVvZ1k2LV90ZDNtOU5CeFd0aXlYOE93U2FnX29vRE9aTVRWQ0VNZzFnaklJUUJCNUN3ejMyeWQ5N0JJTnNVUlQ4bldkUVdvZXJFR3JyOFJMRmx2UTh4RDFhaE5kNnVoYkZEcERfeUZtV2M1MHIyUnd3Rjk0ODRr?oc=5
CHAMBLFERT.NS,2023-09-04 07:00:00,Chambal Fertilisers & Chemicals Stocks Live Updates: Chambal Fertilisers & Chemicals Sees Slight Increas... - The Economic Times,The Economic Times,https://news.google.com/rss/articles/CBMi2gFBVV95cUxPNmE4M0UtVUVGUGJuNmtSRXZlUFBRa01yaGJWN3FsWmYzYUJWWkNaLW5Na1ZkTWliQ19OdHVTYWRPMEc1LWdNNmhjTGloLUV5STFjem5CaUtJeFFPY01CSURQT25fRmxwSnFPdWhUdzlUUElGMjZ0Qnd6M0tkbHcya0VBcm02cmF1R3dQU1NieC1fN0hsSDZGdTJJY0ZXVHA0MWJLMHlETHNLSXl1Mzd5OEdUUS0wUHBzaFJWY29iSXd4ckFsbGxCbk95aU1fQU1UUEpsRWRqSDM4Z9IB3wFBVV95cUxQeHJucXhaTlBmT2VrZDBSQXpreFE5c0tDVEttbmRRZnItQ252bWpZMHZRUS1aWV85THRKa1NzdmZIR2Z6ZDgtRlh5RzRSV0dRTUpyWGZpZm9rMzNybVdfSXFRRHFWZ01zUFB2X2p0eW90UlFCR3ZVSV9kNjAxQkRUUi1PRzNTR2g1QnhabVUtT2tEaURQa0pzOVEwWW5SZS03MTVDb3R4dUJzOExnX0VqanUwVTdhdmFJVllJQzdwdjFSU3dXOWFzTWk2SXZ2bFI3ZGVWbHhHdWdacW5rOWZv?oc=5
CHAMBLFERT.NS,2023-12-07 08:00:00,"Tata Motors Share Price Today Updates: Tata Motors Sees Minor Decline in Price, but Shows Strong 3-Month... - The Economic Times",The Economic Times,https://news.google.com/rss/articles/CBMi0AFBVV95cUxQclNiY2ZRTFFkTUtrOU9KUm5CeTlwT3djVWNMc0xqbmlNRklJSzNRUW9FWFJPVkljUzFoNDRNX3B1Y2lVVVY3SDdOdGszaVh1elpWbkNqYTVFdm43bmZtNW9oQzFaYjhGMHFRb0ZadUR6b201b2RVaW9iNXI1Umk3b0lNREFwQktWdkdNbk9pUWZQMmJQQ3lFMHlDUVNhTno3X3NLOW85NGtVRmZVcy1ScDcxZ01LQS1YNGQxS0lrX0VGeTdhODdiUFhtbVFyUGVm0gHWAUFVX3lxTE9reTVyU1JkdG1sTTRMbHRzdVFfc2xKM0Y5VkVzV3pMbW1lcWlTWHRaclZXeml3emtscnQtTWVhNDhVNWdNN1BoVlZSTUVlTkxaV2IzR2h5LTJ3aURpZWJjNDR5RjkyQUg5SVdMVHRpNVZiOHlRbzBwTF9UUm5sclFHWkM2SlV3anN1R0Zhd3ZMYnhZbG1hMjIzWmZqZzl4NGdXeTFtazNLLU1wY2JZMUhvZ0dsNnFtWkIzcjlQZ1Nwd1pyS05jSEJZRkFJdk1wang4UFZUSWc?oc=5
CHAMBLFERT.NS,2024-01-10 08:00:00,Chambal Fertilisers to buy back 1.55 crore shares for up to Rs 700 crore - Moneycontrol,Moneycontrol,https://news.google.com/rss/articles/CBMiyAFBVV95cUxOc0pMOW1mNzNsUlhINmRrOERkNUduTUE1eEtYWFdPaTV4MXBLNHNpYXlWMFpWWGc4aTNuQTJIeVlBa2d1ZmtHY2JjV05FdjI0RUY2SHpzU2FnWTd4Sjk3M2toOWoyV01zZVUtLXhDTFdZMUwtR3QtZ1dJOWtSUm1TcXZSRzJEem9RSUNCbGhsMTRoSzRfeENDZFZMalVVSjNoMWEyS0RtZnpJRHVSdG1yeTNBNUJ2Z2JUNkNVWEkwTTBQWHNZdXhmVdIBzgFBVV95cUxPMVpwalRRWmx2QXRpcVBYVkdGSHhjaFMzb1NQdWJCQ3BaQjhwQTZPTF9CSTlkOHBSeGx2OW9ET0VyUjVYMURfZkN6WE1FT21sMWJWZmhhcUlDSHRyb3E1QW96ZFJPVG1kd092Ry03MVI5M3VXamhud1NUVGV3STREZUp6UlhRaXk1cEE3ZkVtNENULWYwNVY0SVllWF9Za1FnZlRtcklRd2R3NHh4YUwzYTkwLVJYQkdMNU5kZ1J0amtDOHh4eGd4WHVNUjZaUQ?oc=5
CHAMBLFERT.NS,2024-01-08 08:00:00,Chambal Fertilizers stock in focus as board approves buyback - Details - Zee Business,Zee Business,https://news.google.com/rss/articles/CBMixwFBVV95cUxNNERoTWVwZWJ3QVhoc2Z5bDBxbkpFeFZmWkNIM0xaNGFOSl9ZS2dzRVpqOFJoTHRqYXBkS3M0OUJDRU1leEQ2MEo3a01lbzJfWlJKMWpXYnpLZ1VldklRZ0ZZVy1NQzZVNzZSWUNaNlRyRHMxdG9BSGZ2N3Z3MG5paUx0bGlHa0Uyd0IyS3RyMjZ3UWgxRjlrenlrNDkwa05PNWRwYnVwVmN2c0pPb2E1NmhDVzdjLVFORGxNZlVneC1NNS1pT3gw?oc=5
CHAMBLFERT.NS,2024-01-09 08:00:00,Chambal Fertilisers buyback: Price fixed at ₹450 per share. Record date next week - livemint.com,livemint.com,https://news.google.com/rss/articles/CBMi5gFBVV95cUxQS1U4VEdWdm9TSnFickRiSHB4ZmpmNUNTVFhYb2NjbjZMSllaakdaSC1reVJ4ZFdocC12cWJ6VjlVLWRKRnBUR2tNZlR1am5INjBGQkNMQ3U3cUVxbWNLWEsyM1FDbHZNR3B3NmNaSUpWd25EdVVCU0IyRE5VblRzMGVOZi1TS3ZfbEpJMnBKN3p2UU5kRkhDbnJMWHdhV1ZPckRzYzFyR2hVNEZYN2Vsd3NMRHRGeU54cV9oemdPRUhLNXgyYjZuU3V2V0o5OFlQcVE3NTdrT0dWbUlhcS16aUZidEdNd9IB6wFBVV95cUxPUy1Jei1UU01zNVh0UmF0bzA5TFpzdnhvMjlNUTdMWXg4TS13NGd5U28zSlRxZ0N5R0diZ045c2xMM2dOMFUyeEZlZUdCR2hBUDhrUDQyRGQ2Q0RiaUkwRjZEYV9DVkQ0UG1ydzFSaUxGQ1VvWUkyMUI0Y0p1QVZzbmhEQlZaazFpakVvU01YTGxLbUdWbk5sUThtcm91NUU2b0EtNDRmY0xZc2ZZR0JPc0FKYkkybWI2a1N4RkFUbHZxajdjUDlBNnplZVp3UTRnTjV3V1FmZmc5VlpWSW95cUZIQXlTLThLZ0tv?oc=5
CHAMBLFERT.NS,2024-01-08 08:00:00,"Chambal Fertilisers Buyback 2024 Record Date, Acceptance Ratio, Profit Guidance - IPO Central",IPO Central,https://news.google.com/rss/articles/CBMid0FVX3lxTE03YU9EZWVNU2VBZURUbHp6OFlRb2g2VUV5SS1PSS03am55ak1NRVBDZEFBS1MwZ2NBeVdLUmxzeEdweDVYRUhTOVBOd1RfcEpJaU40ZDJ1aHBEODU4eU5yR1JPVUdHc09FZ0hrYTZuaFY3V01vbFZ3?oc=5
CHAMBLFERT.NS,2024-01-06 08:00:00,5 Best Fertilizer Stocks With High FII Holdings in India - Trade Brains,Trade Brains,https://news.google.com/rss/articles/CBMieEFVX3lxTE1hZW9DZkJST0tZMTVmUzlTUlU3ZUs4aDEzSWRFSnNfTkQyTExfOURiSERFeWdidDBiNWhxd3EyV2ZqQklVVFRUZnpUd1p5TDBHYXB6TzhvWmZkeVF0bUJ6M0ptdmdkemI4dkxlZlJqaHpMWmtQSkdNUA?oc=5
CHAMBLFERT.NS,2024-02-01 08:00:00,Govt to spend less on farmer fertiliser subsidy as world prices soften - Business Standard,Business Standard,https://news.google.com/rss/articles/CBMi0wFBVV95cUxQeWxkSEliMzV2TXlRVXgxYUZqX2E1Zk1IN2RNbkNydXlHMHNJcjE1ckdnQ2pTbXpfODJwbUg0dG5PQjh0N3pJTFc2Q2Q4aTQ1OGRaZzFlOFlWdHlWdTZ6Xzl6NTJHZXUyTjdQS3pYaEx4ekUyS2tXZHcxSXdnWXEzeEpwT0pKd3o2blU1VmIwMTZxdGplV3lEandmVDNFd0tGLTFHRjQ2SWZWdlFMc0o3WkxkemJBdktqQ1g3dTIwcmpEWkJCcTl6Q3hKVDBXaU5CUFZF0gHYAUFVX3lxTE8tQ1Nsc3VnV2FTRnFaSkFWaW5zNVVmLUs1b0JFcW1ScWFtTy1pOFJFVEZkWGhVSjl3ODhhcVhDcDQ3YjBZc3BFd1RiSnVpak1YTjBYcTFwWnpJa1dzalFQSDBOcEJxa0hwYzhfNzdxaDctaEtCU0NMRnp6X28xWG9fenpOLXpEWWMxbnhlbFVsZmZKc0RvZWJGN3EyQktvOGVJNWJrRGE3bXJGUlM1SU9qX29NZy03cGJhZ3ZXWnV2RkNMd3FPNW93U1JKVWxlSGREUnQ1dlB5dQ?oc=5
CHAMBLFERT.NS,2024-03-01 08:00:00,"Analysis of India's $39+ Billion Fertilizer Market, 2024-2030: Key Trends and Competition Insights - Yahoo Finance",Yahoo Finance,https://news.google.com/rss/articles/CBMiiwFBVV95cUxPVmlITC1hQ1BRSWVLeTlHTU1xRlRxSFJvb0ZYM0hUQlNLRHgyd194SjB1SHB3TlgxMXBtQWNzd25rZ3dicllZT2l0c3VPZnctTHRIRzZnWEJrQ19RTEd6YWFjYkVRSFBoMGxfOE5KMmpBa28yelBUU2dOaDB0QlRuc3RKLWEyOGZ5SUFF?oc=5
CHAMBLFERT.NS,2024-02-23 08:00:00,"India Micronutrient Fertilizer Market - Share Analysis, Industry Trends & Statistics, Growth Forecasts to 2028 - Yahoo Finance",Yahoo Finance,https://news.google.com/rss/articles/CBMikwFBVV95cUxQMGdDWEtVS1JKZXJyZ1ptYWM0cGlyanNXdEZLWU5EWEhLemdzWEltQ2g4QVRJZUhIOG0zSERRajNwTVNJUVlDUG1jc0c4ZmdMWENNQmVHNURnTFhsYW9JMDQ3WVFaS1d1SUVPTlh0UVRkQlVHYjlqbloyQS0zWFRHMDdITTB5c3c5OTd1UC1udXRhU2c?oc=5
CHAMBLFERT.NS,2024-03-28 07:00:00,Day trading guide for today: Seven stocks to buy or sell on Thursday — March 28 - livemint.com,livemint.com,https://news.google.com/rss/articles/CBMi3wFBVV95cUxQT1U2N2J1S3FzZ3dLOHhuRklhMUotMmlsVFRJRjdsZmVfaDNDQ2VsMDlES0huU3AtbzlJMWJlSklIV3hCMm1tSGwtVnpwRHBVVG1zd3ptdjM1WU5HcTBKbUllYmtKWTZVOU5Xb2NObTZhazlfNkVhc1hDZjNiOV9xRERSVEQ3b2hNRjJGNTdkUUU5dDBxVlV3UEp0dXduU1FYaXpmZ3EwLVRVODBIM3VtaG1HMFNnTE9HLWFTaHpPRGwzeGFidEVReGZnQ01ZNjdvR3hCdldteXl4VThzQmNN0gHkAUFVX3lxTFBhZl9MalBtODRSUnN0VkNFUmkwemFUdjA5XzE0cENwZFFlRXdGdkJielFHQlV1cGtBVExYX1Q5MzJsampndnd3WUpjNW5JVzVDNkpwTEZDajdPMmJlNjVxZXJmZmhlamVOYW1PUWxrWElyMklqODI0Si1GZE9oZzNpRjVINHMxcVBFSU1PRkVQX25HMTN4T2JJTzBZNHpSbUFOX0ZSMUFxNlp3QzNWU0FuLWNqWnFzNFVfTG9LMldjQTJHT05zaWt1S2RVUExrSnA3aFVta3RReVhYWlZyWUNNUUhyOA?oc=5
CHAMBLFERT.NS,2024-03-26 07:00:00,We have a big focus on real estate and biofuels; see value unlocking opportunities: Zuari Industries MD - The Economic Times,The Economic Times,https://news.google.com/rss/articles/CBMihgJBVV95cUxOZTVxMnJjWEw0bURnZUlieGMwYV9yaERCMlJxaVJGUzlJRWFDZGtQQVBVR2xGbGhhYlVFZ1BkR0lNajVUYXhuekQtOU9xeGJJVDY5a0RZLW9qS2NyYnliRkZTWTlNdU1YcDctc3NrNUZkVS16eGtXUm5sWHh3cEFFbUY4bWZQUFR5ZUlyZV9ZVXRxQVUtZ3lDbUs2dm0zNF93MXdjU2d6b1U5NTdiZHRsdXZZNWhFdktSRTNnREJ4czlJQU5xdTdmcTlqMXZQN3RrSTBYblZGVnRvOXVJQmhrampDYmNVc0hzN3JaRnhoMmNpWTFkalprdmRldG5penZZNl83Tmx30gGLAkFVX3lxTE1pNnJsb0xKZUVLLU1BazlVQ1l0ZzNXQWJTMGdnLVV5cHBYdFcyWmVJbjE5N3dzM25FT0RrNFcyNWJTM0VWZ0NTRHhSaGVtaXpwcDhiWEs4bWRweHBjYnRsNmhSNXBHOURodHhNVFlvQUI5LTdWX2JxT054eEtTWVR6ZUNqd1A2M0dObGdIWlNEcVBJdjdQaVhXQWgtdW1CMGdyanZqb3BObjl1OGJFS3JPRjAxdEZwbGhza1BKVVAzUjFmTVVMdjNNRTh2QmJmSXpiWHhqdC1xakgxODVzZXotUDROejNZYkFHYzhxM1lDWGJ5TnNfVERuYUJJMzBFdTkwOHY5OHd4WktGYw?oc=5
CHAMBLFERT.NS,2024-04-22 07:00:00,How can Asian fertiliser producers craft a Win-Win Investment strategy for Africa? - Nanyang Technological University - NTU Singapore,Nanyang Technological University - NTU Singapore,https://news.google.com/rss/articles/CBMizgFBVV95cUxNZ1AxUWE5V3BxVGd4Q3dsZ3lCMVVlc1pRQzRTeDZWZVBRUE1qYVZLbTVkSXBHaFF0azNBRloxRzhvUE5oWlRfR01OY0taTC1ybVZjcjdMZnFfb21vZlBVdHdtVmxoUGZvZWUxNTdjQ3oxYWhNUENlNmN4dndQbUJ3ZEZzcFpOTnhWbDVZTzhITFMyaVNHNHVkU3pOVmdvcmdSdDhVbXJ1M0ZIc2lDMGQ0WmxneFhxQnp3OURjZVNZbGREbkJ0MmRKdUZSMUFDUQ?oc=5
CHAMBLFERT.NS,2024-05-24 07:00:00,Stock Market Today: All You Need To Know Going Into Trade On May 24 - NDTV Profit,NDTV Profit,https://news.google.com/rss/articles/CBMipgFBVV95cUxPZEFtVDRLT1EwVDQ0aWgtXzF0MGJpT1NqWURic3FhclZfc040RkJPR08wS2IxOHdsUXRreHBBak55ZXMxOHhhbWd0UXVjdnRFZkxlRXJ2NHFsOTBBNXJiTHc2ai1SUHVnOHp2TEpCcHY1VTFzNjBmMWJtcktyOHh3UUZKcW1mTDNnbnhYYUxlWW05aU4zWVNwUHFHcW55R3g4d0hTQ29n0gGrAUFVX3lxTE1ENEd0d09oaHdSYW9XMlY4MUtSS2FhZHJMcEdCMDVBbWQ1MVk5eGIyTTYzTWlrejRrcmptWkRfdURCRzBVaml5OHZsaDQzb0dhZlFmMy1NVGVlS1hZS0xOS19MaHRaTk1JMm5XeHIwczBidFp3RTFUOXlBaV9LVmJLUWtSTV9iUkVCY2Y1WjlPOFFmMHlxLWw4U095MzA2OC1sVGpKRE5RYnY2bw?oc=5
CHAMBLFERT.NS,2024-07-11 07:00:00,"F&O Ban List: Chambal Fertilizers, GNFC among 10 stocks under trade ban on Thursday - The Economic Times",The Economic Times,https://news.google.com/rss/articles/CBMi5AFBVV95cUxPMUMtMUFWMlNsUklocGF6UE9JNTU3X3k2bVJsVmNsZDRvVEdnRkpmZTVWNjVwRVd2TWppS1BBcXl0anJNQTdnNFdlenNQUklZWkFkTTc2UzBDbEF4TU1OVl9sTHVfdUZmOXpuSGNEd0xodGFBM2dkVkpnN3NyZm44NXNjWXZCS3BuSUkxWERqelFKanJJUTI3cXUwRG5xZ3R4SVk0Mnd6eTBUSlljLXYzRW92WTZiMjdPQS0tcHV1VlZmWVBJbC14ZjlVc2VUTkFOOWh0SU1yckxRZVlzRU1nQVZrZWLSAeoBQVVfeXFMUEZsNXNNYXlQS3ViUlJBWVlja1RpSVJXNjd3QjFlZUttTXlUeGt3TmJsU2E4Ym1YeUk1YWFFX21oNEtzZG9Tc1hNZHlSaWNEbEZ0azNVMGRSNldyMnpCWW1fUlRqRWxkVWw5WjhsZG5Ld0MwSkF5NUFIZC16aVdpaDRoU05acUtiVnpUSTRkSXVadEpTOHp1ekZUVFo1cmQ5anpuT0tJRDhWS2dUVDR1U05PbUM1WVZiRXhPei05N2luZGZSMHFPclcxUVZrM0dRd2NUQW13UXM2TzByVkJnenk2M21KQVdaRmJR?oc=5
CHAMBLFERT.NS,2024-06-19 07:00:00,"Stocks to buy: Chambal Fertilisers, RCF among three fertiliser stock picks with up to 113% upside potential - livemint.com",livemint.com,https://news.google.com/rss/articles/CBMihAJBVV95cUxPeU5MNDJCTzdLbS0zaDVLeHZzMjd6WEhwdVFtZWd3WG1GR1ZfbDFNaVdWc1lvRVBUSmM2c25OZ0JaMmJySm0tbE1iazR3Mm9MaWFJWl9sZnZURGFuTVo1T1RrazBvbk95aUJPdFQ2cEZHcFNMOXVuWEpLQ3cwbmhJOEdORUEzVEM4b1ZtUldXdVo1QnNBcE5xaS1XcVRzZ1hXdTZQSFF6RlRCMkZGa2hzdzlBc0s1cWlTNHJiYTAtanpNQU5jRklVX1hKRy1VSUstdk5rVk9KVmY1U19BZTREYjdxWTlSOEJaQ21DaU9PQ2FLSXhMd2hmTmthUDk0Q0kwN0t3VA?oc=5
CHAMBLFERT.NS,2024-07-11 07:00:00,"F&O Ban List: Chambal Fertilizers, GNFC among 10 stocks under trade ban on Thursday - The Economic Times",The Economic Times,https://news.google.com/rss/articles/CBMi5AFBVV95cUxPMUMtMUFWMlNsUklocGF6UE9JNTU3X3k2bVJsVmNsZDRvVEdnRkpmZTVWNjVwRVd2TWppS1BBcXl0anJNQTdnNFdlenNQUklZWkFkTTc2UzBDbEF4TU1OVl9sTHVfdUZmOXpuSGNEd0xodGFBM2dkVkpnN3NyZm44NXNjWXZCS3BuSUkxWERqelFKanJJUTI3cXUwRG5xZ3R4SVk0Mnd6eTBUSlljLXYzRW92WTZiMjdPQS0tcHV1VlZmWVBJbC14ZjlVc2VUTkFOOWh0SU1yckxRZVlzRU1nQVZrZWLSAeoBQVVfeXFMUEZsNXNNYXlQS3ViUlJBWVlja1RpSVJXNjd3QjFlZUttTXlUeGt3TmJsU2E4Ym1YeUk1YWFFX21oNEtzZG9Tc1hNZHlSaWNEbEZ0azNVMGRSNldyMnpCWW1fUlRqRWxkVWw5WjhsZG5Ld0MwSkF5NUFIZC16aVdpaDRoU05acUtiVnpUSTRkSXVadEpTOHp1ekZUVFo1cmQ5anpuT0tJRDhWS2dUVDR1U05PbUM1WVZiRXhPei05N2luZGZSMHFPclcxUVZrM0dRd2NUQW13UXM2TzByVkJnenk2M21KQVdaRmJR?oc=5
CHAMBLFERT.NS,2024-08-07 07:00:00,Chambal Fertilizers gains 5% on strong growth in Q1 net profit; check details - Upstox,Upstox,https://news.google.com/rss/articles/CBMi0gFBVV95cUxOQkxnZVFHSXpxSEh0VW1SR01CWERWcDZBQ1JjSXltUVc0MFA4YlhXTnpoQXQ0OVZORTJDNlk0VXRfZDJ0RFB3elhjWEtFY1lfUm1sdlNLTUxtSVhzNm5jVU5qZzVGU1F5MFEtZEVGN1hGLVhmV2lic2oxZTFISm4zWjBZWWtTSWFwN2k1OUtxNEU1YVlndXVvVlhOUkRPZjdMWktlejFnTHZYZ1Y3Z0xpX3Rndjk2dkE3eE02MFRST3Q2bGx0UVJRUnQ4TDFYbXBpQ1E?oc=5
CHAMBLFERT.NS,2024-07-31 07:00:00,"Stock market today: Trade setup for Nifty 50 to Sensex today, five stocks to buy or sell on Wednesday — July 31 - livemint.com",livemint.com,https://news.google.com/rss/articles/CBMiiAJBVV95cUxPNDFnZ0hHUGpFNkZEVWJkS04tYkxBUWtJdGtRLVQwTGtzMVVUdkxtQ1A4cTBGNWhNcjNvaERlbVB5Ynl6amhicHFySlFkdVBrZ3Jma2FEQXZjYlRLSFZFRFJnTzc2b1RoVlJ4aHpkREJGV3ZGaVNxU1BrWTVHbG5ra21hSnJQTUx4NUtzT0o2enpjSnJIU2VRMGhseUJiQ0h4WVZpYzNWRFBGZVI3RTc5WVVwUUlYNUJiWmdCaFlrcnZmcFBxMURoRnY3S0Nnc3piWXI4b3dTODF2TnpYVkc0RENIckhqWjlqQ2lwYjZ6SzVwbHJYUXA2OXJiUWFKUFRRSThBUlpfZkTSAY4CQVVfeXFMT1lkQ1dYYUlDTl9Xd0J4SHBQSl9ka1dEREJmLTZxUWk4MS1LYVhkQ3I3dXNndEt4ZWRzT0ZXT1RNc1plQldWc0RHZ0FrMlFXZUNVdGZMYnNLblNueE1YSGkzbDRsMnRxemstSXZhYmY3aEVDODAzcVZPaVVraHQzem5GTHVQWTZocWRWR2RmanBUclRnazFtdGdERklQMjJJS3h4bnlYR2luMjVld29vZUsyUnZfMlJES0dIck81OXJRbVJGWUh5OUx0QURRNVpiaU9wc0hIQWFrYlFEaVBuOGpzYWRiZU9ER0JTSlZNcjVQdjUwVDlINW81VHRSVUt6X1BjRVJ1YkZpaVFWMWFB?oc=5
CHAMBLFERT.NS,2024-08-26 07:00:00,Best Fertiliser Stock: Chambal Fertiliser vs Deepak Fertiliser - Equitymaster,Equitymaster,https://news.google.com/rss/articles/CBMiywFBVV95cUxOYU56RUszT2Q2UVByRTRqMDg0SmY1NG5XVms5TWhaSkVGZEpuR1hsSUMzRWhMY0J3NU9VZy1QNUlLOS1WUzJMTldiY043T2dRUnZsSFF2MjVhYjVfcnBMbXhHcTc1SXBKdHFMYVdBSUlkMmUyVnM3Z085REF4NVRLajZSZnZhNmNxLTFQUFZWX2x6M0tPMkxmVjlRZExKM3N6NVoxX2J5QUJzVGhZYTJ1cTVqeFRwdmdEWlVScGRVQjdLSGlLVklZYXZzZw?oc=5
CHAMBLFERT.NS,2024-09-09 07:00:00,"Stock Market Highlights: Nifty needs to breakout above 25,150 for trend reversal. How to trade on Tuesday - The Economic Times",The Economic Times,https://news.google.com/rss/articles/CBMi2AFBVV95cUxONVhGWkJVb2ppX3VmVkpYUndoX2NsSVNJRmZlOVhsZl96Mm05UnJZOXVBdkw4cDNReU81NG9aazJwWVI2Q3ZmdzI4eGZ3VFJsa0VNSEc0ZFl2ZjhSUjROWXRadEJEdXBsTno1dC1iNV9fSkJhejJhOFhYZEkxbHVsSVpzeHVVMFhwTVJLQS1BeTJla0gyRmlkNmFoR3hGcHhCd29iRU5mbl9EX0M1SjBXLXBGSGd6R2hwOHZMMm5PcGJ3ajFnR3lIN0FFVDk2TW1sVEtyTXpKUETSAd4BQVVfeXFMUGl4a3l3em4xdFZYYjJYWDc0WF90SWkycEJwT0NaTFBRUWVyOHprOXFwQXFJTV95MlNJbTlFUF9YU3FmN3RIbHZUa0EyM2duY0N2XzI0WWRjVnhjdXhYc1NBel9YM1NDYXZTSEh0NzMwVHBiUGkzeEhLTTdtMy1mWTlBcVg2bkQ5VW90RXFIbEhGd2w5NzVfZHdULTJTb0xSSU1vWEdNazRSRU03S0tESlV3TS05OUdhTlNiazRRcTJ2MmxzR1RUUGtYSTRIWjFua0FkdkF4NGhlLVRmci1n?oc=5
CHAMBLFERT.NS,2024-08-31 07:00:00,Sebi updates eligibility criteria for F&O segment; several stocks at risk of exclusion - Times of India,Times of India,https://news.google.com/rss/articles/CBMi_wFBVV95cUxOMk56NFdBb0poSFNxcVJnTkxyUW4zZTFfTG40a21kTHVnSE5LblhmV2hvVmc5Y1Q3VWpPaDk2cUljbEpaVTBaN2gxX0NTRzZTNFNxOUZpM1Ixa1RjUDBkdTk4V1U3eTlJX2VieU12QWhMRDJPOU5VSGctY0plQ1pfQkkwWTZVTnNyZGpyenRWRkZ3d0xJWXBHTE1IQlR6clVUY1RaZ19la0xLVXFuUzdGQmh1LWhtZDQ2N0YzWmNIYUZaMUo0WmVad0RnWUI0cDI3a0Zpa21rOW9Sbk1KVmNpNEFuc2pwS3AxVi0tNlN3UFFvcVdXUTZTVFBNcWw3dGfSAYQCQVVfeXFMTXE0Mkx0eTluLVJBb05qM0t3U3kzRUNZVGxWeFd0MVR1cXd1UGNPMF94VnhfZGZSRzZRaDJVRWVxWi1jall4MGd4YnA5X3Z5Q3F0ejg5YVNJSC1ER1VtbURtalRnNkJGWmNJaUJIanZuT3dsZ1dZQy1WNkp5dUhjRExtcWY2Vl9qb1FKWkotY3FhR1JJZlRkbVBVc2FZTUhlYWtldmZNdDQzMzBQdmh3cVR3WUhEQWprb2RaSzN6V0RXWmxvUHhJeGhkS2dTd09BZ0pFQmRpam5MWDIzMXd2OVlvSWdSclNqbUQ4bkVaNmVZSXNOUlYwOGMwN1dhV29NMURKbzM?oc=5
CHAMBLFERT.NS,2024-08-31 07:00:00,New SEBI F&O criteria implemented; 23 stocks at risk of exclusion - Moneycontrol,Moneycontrol,https://news.google.com/rss/articles/CBMiqAFBVV95cUxNLUVlQ0VkOFppTlBrWndndW14bmFwWlNETHYzUmwxa19wWEgtTUVyZVVPVkI5bkFfNGRTbTN6UHdNTU9aRXNmUWE1ajhPRlFkMG9oZzZzOEgwdnVjMENuUUJkNExfdl9meldYQ0o2eG1feFZ6Si1nSUxRcXVDZmYwQjhjREUxNlJZckk5R3ZGcEhaXzJFWUhqMkpSUVNlc0dTVlNURnNtOTHSAa4BQVVfeXFMTldadU9IMTJRQWVFcWVRbnJzaFB1SE1kV3hJMlVBUmFwajRRVmVwVUFMek9NNkt3VDU2bkExOGo5UjJ6el9Ea1pEcGc2WGlqZkUtaS1nMGpvUWlBSk9Tb1E1eHlMRUxscmQ5WEJITkQtZG5uNjZpWnRzYkZsZ3NHV1VKT0FEWHhrSFk2VWVLb1FyVmhLbjc1UkM0Zzd3dUhib3MwNmpZN09WQkJKVGtn?oc=5
CHAMBLFERT.NS,2024-09-18 07:00:00,"FACT, NFL, other fertiliser stocks zoom up to 9% as Cabinet approves Rs 24,475-cr subsidy for P&K... - Moneycontrol",Moneycontrol,https://news.google.com/rss/articles/CBMi_gFBVV95cUxOa2FtcHZIR2UtV3hYU0s0dzR4czdOSDB1XzVuMlk4bVY4WEVSb090RDM4RjBiQmNlQklKWENsTUtlWFdpYkdOMWxtT01IVGNTRWhZWUFfVXlqRnlnNHZHMmFEZVc0b2lSNF80ZDdvZEZmWlN3YkQ1Y0E0anFzQUhzNldqRV9oYzRvTVRwOEh6cDRqUTczU0U5aUs0VTk1SC1IUUFkUVFRc3cxSG1QNzhuU0pPTy1XbVk0Rk9UZjBabl91c0VPT25XcnFwZ05KMDEwVXVkYnBhOTNUNEdvRXJVUVo1RVc2ZnJPRllZWHIycnJRa3hYb05DSmE4MWZsUdIBgwJBVV95cUxQTUpVeXVsdHBuSjR1Y3BvMTRBM0N0cEVYLUx4bHlpSjZXTkg1bFFxaUZ0VUVQNmlwT2tCOXFRd09aNVZrZXZpOUlBSDBTZXdlbWhVMmtvUFlRVFJZRnpWOVdHb3UxVmE0aHo2U0xsRjZCU1Z0MEVWbTZiQkVQcXZIb3hNYkNwb3QwdzZDLTd2dktLMzdlMkFPVkdhMWFnN0VibFBEcDRGZHhXejd2ZFBKOTNGREpiSXROMzdVMHNJcXBXRmlhanNtSUJfTDQzNHFWZ1pva3RGeko2UVR4TWpOQUhmWUxhaXVoOFE5cXFyd2NoLWp4aGQ1TzNOX2lxbk03QlFv?oc=5
CHAMBLFERT.NS,2024-09-28 07:00:00,Which Companies Manufacture Fertilizers in India? - Equitymaster,Equitymaster,https://news.google.com/rss/articles/CBMiugFBVV95cUxNa2RwWEMtV051dDdBMXdYbGhvMDdpLUlFMkJvNnE0UjZQWWd6dlJTaDRHZG1iUldFY3U1M2VPX3Z5bDBPaGJJVnk0cURxalJ3VXZXVjZ0aU5sZFlXYUloNzdUY2UzVjV6dm9IS0oyWWlJdjE1VUV1U2J5b2dfRC1YdzlWanpTOTJCS0w2WV9LNTZOaUUxZERnaVhDSG5xT3hUTEJIZUg4cXE4eWRqNEl0UmVzQlhOLWx5cHc?oc=5
CHAMBLFERT.NS,2024-09-18 07:00:00,"Stock Market Highlights: 25,500 crucial resistance for Nifty. How to trade on Thursday - The Economic Times",The Economic Times,https://news.google.com/rss/articles/CBMi2gFBVV95cUxNb1Vwb1RlUmJVUWNadzc3ZS1jSnpqdzI5S0tKZVBCaVdScXZmcTRyVElycVhza0FBSi16ZWtMZEl3QjZDOF85dU1Ba2NnVlpyTXJsUUxVU2JoYVVIUXhRVVU4eV90RUw0TVJMOG9GYWhhWkNUU0NXUVhHeXU2U3h4MVNwREhobWFDOFlKempaeENOd2RoZlZIQ05Ib3pjRkxrUjhNRFRfNUp3TTlKTDVxbzBYZlYzTGh1TG5Rd0kwNHpyV2VnOTdlbExqRUpOUmdLNXRjdS1lU3ZEUdIB3wFBVV95cUxOcE1CLU5SZWk5T0xQcnMzMGlMeWczT211VXd2SWl6am01V2R6bFdHdExfVEJYdXBUTWJ5ZEIxTW8wV2NuZnJZOC05OHQ2eWtEMzBtUGJOTWJOUGNxVWJYMXZEdWRGMTB0M2RvcmU3OFNQYTFYRnFITm5zYjJyenRGUDdsOWpoUkQ1dnBWTWxEVDFKSTZjY1JJQ3BoUjQyMkFTaGZMdTZ4Vk8zaE9rU1FrSEo0aTFVdHJnQkhjaWxWSmJJaklLOGoxT1NKSmFxU0JXdzFMQmN1Q3RVazI0MTlj?oc=5
CHAMBLFERT.NS,2024-09-10 07:00:00,4 stocks to buy for 20-28% potential returns in 12 months - Business Today,Business Today,https://news.google.com/rss/articles/CBMiwgFBVV95cUxOc2NZSXYyYWpqYThlOG5kUzVsTWdGank5MnhyeGNRZ0ZpeHFYcmtDMWxTR0NFTTRwVWc0eFJEUWduczNtMldKTzA3dHAxNWg5c1QtT296WHNzT3VUSml4ekVTNmNlVDI2WGw5QWNOZ2FBdGNtU2dqNklweG9QSGZ5TEh3Qld0U3BCSXVCT3pHZHFJaWpVczB4QkMweEd0UE8xSjQtNXFVWFRKUXhabmNQbDItUUhSdmYxSjZwNVZGNURrZ9IBxwFBVV95cUxNblZ3WmpiVUZNWE83Unp3dHRaVVRNY3c0WFdqVk1XeWR3UUs3VUozRFlNOTVMdFhDeDY5Q1kzeW9nbng5ZXJURkNNVUxnM25hQlFER0NxM2pqWWdrNVhfQlFaWGNoU0ltdXF2R3BGd3BLN18yUlFobmx4R1NWWjY1Nm9GMDZiWlZfUWoySmwtNWtPUHB3SDZGSGNlZXVjSlNZSHJWNG5ic0hucE5SUG9hSjdhM2dJOTYwenEyTV9TXzBFX0FKVmNB?oc=5
CHAMBLFERT.NS,2024-09-09 07:00:00,"Stock Market Highlights: Nifty needs to breakout above 25,150 for trend reversal. How to trade on Tuesday - The Economic Times",The Economic Times,https://news.google.com/rss/articles/CBMi2AFBVV95cUxONVhGWkJVb2ppX3VmVkpYUndoX2NsSVNJRmZlOVhsZl96Mm05UnJZOXVBdkw4cDNReU81NG9aazJwWVI2Q3ZmdzI4eGZ3VFJsa0VNSEc0ZFl2ZjhSUjROWXRadEJEdXBsTno1dC1iNV9fSkJhejJhOFhYZEkxbHVsSVpzeHVVMFhwTVJLQS1BeTJla0gyRmlkNmFoR3hGcHhCd29iRU5mbl9EX0M1SjBXLXBGSGd6R2hwOHZMMm5PcGJ3ajFnR3lIN0FFVDk2TW1sVEtyTXpKUETSAd4BQVVfeXFMUGl4a3l3em4xdFZYYjJYWDc0WF90SWkycEJwT0NaTFBRUWVyOHprOXFwQXFJTV95MlNJbTlFUF9YU3FmN3RIbHZUa0EyM2duY0N2XzI0WWRjVnhjdXhYc1NBel9YM1NDYXZTSEh0NzMwVHBiUGkzeEhLTTdtMy1mWTlBcVg2bkQ5VW90RXFIbEhGd2w5NzVfZHdULTJTb0xSSU1vWEdNazRSRU03S0tESlV3TS05OUdhTlNiazRRcTJ2MmxzR1RUUGtYSTRIWjFua0FkdkF4NGhlLVRmci1n?oc=5
CHAMBLFERT.NS,2024-10-02 07:00:00,"Top 24 stocks to buy, sell and avoid in the coming market correction - Moneycontrol",Moneycontrol,https://news.google.com/rss/articles/CBMizAFBVV95cUxNYUFqdm1UMF9pM014cHc1dmhyVVpqUUJMRENqMklrblhpYXlvQVJkdXpIbU05Z2FybW5nS0gtYXJBMG54TnhWazdlX19zSnVXYnppdWlZSzMyNjUxUXlPVDFqNGJCTHVhQm9yYUpDMjlySHc3ZG45cXlLSEJwaUFBYUlUanVyeURVM1Y1b19MYmY3MHdDRU1xalBTbnZHUU9ENU1TQ1ltamlsRjhuVmxJbGNkR0FPRnNlcFZoX0w3bjVqT3pkSHRzYjRFZWrSAdIBQVVfeXFMTjJ6SndUTjRqMFh5TGgtNjk2ZmZsV2NhbUF2WDhKX010Z0l0a09XTkhTZHJaRXNYQVAyQlpROWRHdTN1N2kxQmFyV1pEdjlaWk91bTdCekZOcnRWV1prNy01VFA0THVCU2Z6Zm9SRVU4NHhGbU5NUUtvMW9aaGZYUXFiV3h3QzFkdkNud283Q1hwcG9KRndYWW83S2tienk0NkVrRlFxc204VEVPNV9XaVVFSGFfMjRWZWNLWjVIQ1NhcXZ4YWJDbEJ2WXV3NEFmdlBR?oc=5
CHAMBLFERT.NS,2024-11-06 08:00:00,Chambal Fertilisers Q2 net profit jumps 41% despite revenue dip; declares dividend - CNBC TV18,CNBC TV18,https://news.google.com/rss/articles/CBMi7AFBVV95cUxQUkJ1ZF9TRXREa3BFU190VnVjXzdFZTlxNVhyVG1ueHFsQWhjNkstTkp5R2VZdlFfUGRlX1VIeUhSMXJtTFVWNnhEaVlKTGhDcE1LMG5FTHJUOThQaXNkX1lKWFpUSHRkTVVfNjYzUXBHRzZsVWhwOGdXdmg5aWdLZFVyUkY2R3dnV2YwN3o3XzFVYi02RjVyMW1lSnphdHl2QVBRdkxpRXUzX0FxR3J5dzhJUE9YYlZjemxyLU9saEZxUU4zTF9tRERxNjEtY191RUtvV3djdklMQ0hUVWsyLUdSTjRNcmh4bEs1Z9IB8gFBVV95cUxQWHZzOVJtNC1kVWE1WFVYQkV2clJpX296RVk5UVlRSUNZZEVPRzFWejM3QTNseDZxdHFaNXdVdmlQVS0xNUdYQi1hN1NqUWFnM1NfT3N4RlZaWWMxc2tzRkZrTW9WNTFiZ2pqQ0tKdUVBbEx4LVJVQlF6Vm85MFExdnhRd2QxdmtHWlRYdld0c2JLejRTc3J0ZkZBUEw2dUNMT0g4X2JfZnoySXNia1BKMU5XZktsVnRQTUJRNW5kd21iak9zVC11NGV0U2FmUXhucEZndDR4XzBGckRVM1JVRjlDTjlaMXhtWXJEQWRHRGlzdw?oc=5
CHAMBLFERT.NS,2024-12-03 08:00:00,Chambal Fertilisers and Chemicals Limited and TERI sign MoU for 'Centre of Excellence for Advanced and Sustainable Agriculture Solutions' - Business Standard,Business Standard,https://news.google.com/rss/articles/CBMivAJBVV95cUxPay1jV1hmckswWmhRN2xwaWZyRnlQV29tSkxZUno2OTZUT0VsVm1RQzhJTm55QVltbkdvWFFwWWI3dko4TjlUNkpuVXJnZUVVemVfMEl6NXpQSTBYYlVFWVNTTXhETmpub0lmeHhKdVJPOEV4Z2drYWswWFgtTDNGVmJJRmVNRGFpWmlOb1JVY1Zla3EyTzEwa0ljNlg2YnZTY0VXajlUSGwxR3gxVi1jeWZwVVRBOThCNks4UDU4NzA5MEFna1I4QjU2RkxMQTVQVTI3c0l0aUh1djN2aVNrWG42a2NMdnhKSDlLME1EUUphWVVVZUZGQXQ0dnFGZ1hMQlhVczk1R1NIMkFGQVZTbUZuV05OUlhVZHNOTFpkS19kV2J1QW9ydnpDN1ptUGwwamxOUWdSQTBnTXc00gHCAkFVX3lxTE9ORnllSDAxSkl4dWJsZkEwOG1SbjZEMndkMlIxd0ZDV1M2cXJwTEdSd3g5WlkyVjF0THpnbFpjWmxpYVA2VXBUWGQxZmh1dUZ2LVJJSWRqU2Z4UHRBN3Noa2tlZkFQYkNBbk1Wa3J5elBYRGpiOFVJUGhRb3d6S2pFeW5IWXhPWDJSMXhJTkFmVkNYcVNmOHJ6dnJFd21CdlY2TUo4RE9RWlNxVFVILWJxUTNjdjQzMXlNNHpsT2RzUE5xWFhuVHFHN1hWdkpqdDJxbGhPUU4zNjlRdWU4a25Nb0JQR1A4Y2pHN1VzUi1vMFZXcUNERWd3Y1VRb2lEakNGLW16M1FXcHN3dEV6OThKX0xiT0dtdV9TSVhQUTF5eU4wazhFR3JQcHVINlhZQVlkdFpiX1RUS2lGRjZQa1M4bHc?oc=5
CHAMBLFERT.NS,2024-11-20 08:00:00,"GNFC, INEOS UK to form JV to build major acetic acid plant in India - Moneycontrol",Moneycontrol,https://news.google.com/rss/articles/CBMixAFBVV95cUxNcjF1d2NSSjRzOERJcHJ1X0Zud3pvMG92aHlIVVd2c2NsRTlaYW4zN04tZ0cyc0VQaGVPYUNhM0FkVEZuZXBDQ19pQnpudWpFNXhqSzJneVVBX1lpRlNwMVpyTmNuZ05aWEl2QjVwOW1vNDJxa3E2WFUzakVBTXg4a2tWdTFaZ2JYZS1nbXFuQ1R1OXlFc0VlLTl2cjUwQWRzalZWY2lySlRmRlJ1dTdSZFFvQmVVTmFfNFBQWnA0b19YQ2xY0gHKAUFVX3lxTE51MV9qSkxtNUxCdTNpMWJTLVNRek11cV9vQjROR1RxM3dlellJS2c1TGVWT2tTR0l4MURoRDhPSVZ4RUlnX3k4dWRSTHgwN19nb0Q0a3ZyNF9xUHRCOVQyLXY0YjQ3TkI1UjF1Z2N6dlUzdURSQzJuVFUzWWJsc2kwcnJIT2NTbU55OVhyVnNLTDc1ZHV6VU1Jcnl0RVVvQkZBNjN1cXl0czhoUWZ2YzNFTnRLVklhalJIMk1qc21Db2UwNThTOFlaS2c?oc=5
CHAMBLFERT.NS,2024-11-11 08:00:00,"PM Internship Scheme 2024 LIVE: Registration Last Extended, Direct Link to Apply at pminternship.mca.gov.in - Jagran Josh",Jagran Josh,https://news.google.com/rss/articles/CBMiggJBVV95cUxQRVFhZ21rUTRsRnZUS2duNnVNRXUzV0x1eU11ZF9LZTBMU1ZoT05MTGNkWWJKR1pfYUJxc3ZIWFd6R0paREhXSEQ4ZlNPTTBSR1RsdzktR1VndWcxcVE4bjJudWFWUlZaQUlXOG5ma2Q3d0l1azZfSVo2OWlja2laMmV6bmx1LTlUcGpVazc2OWxCZVdNMDFDT3BHNnhYV01aWDVnWnFiSjFzMldBbzc0THQzMDd6aEhOcU90WlBYV3JEZnNQR2VOWXVTLWZhTkxDVTJ3NGMxX0xFSUlCb3BlbGJEUVBpdms2eF94LWpHN1hoenJkcGFuM2RGYzFZdEpfdXc?oc=5
CHAMBLFERT.NS,2025-01-07 08:00:00,"Fertiliser stocks in focus; Chambal, RCF, Paradeep, UPL rally up to 7% - Business Standard",Business Standard,https://news.google.com/rss/articles/CBMizAFBVV95cUxOM1pCbkk3NE9pVGM5TWJpdjMxWGtGUWpiQkVwRXV2eXRfTmxnY29RVDN3aEIteDRqZGhoZHktUGF5QVE1VmVsUWI2Sk1OVTJFMEpXUmFNeTFJQkZiSXVsWmFQd1Z3am9tOTVyai1fRllMTk56RzdXLXduQS1vUUd1Q3U5a0RaVWlnTXRRRGxkUkRwc2hUNHdJV09fUkhMMVBxQThYSHNvdkstcDNYT3dMWGFfUEhaeWY0LWl3czZSczFuTXRUSi1YWjdqamXSAdIBQVVfeXFMTm9nZVNObG1qR05FT2gtTUlMai0zck1yMFRCMkJ5LTgzNmtrUGJGaE9pTEhrOTFiMmhRU3lDMHVGTy1hV1pyZjhfWGhReW51ZExVRU1sRGNNRmdTZ3V2REtkMHVIeDhWUU9GQWxSel9DNzk1OEUzMDFqMXNPXzAtZUVzemctOGliRTNsbXg4M0l4STJXOGw0VjYtOEFxMG9PX0g2cXJfQWY4bjROTV9LaHRtOWZ2cms1U3pVeWthR2U5ZFRkV25rRDREMDJHdE5QVEp3?oc=5
CHAMBLFERT.NS,2024-12-15 08:00:00,Top 5 Fertilizer Stocks to Watch Out for Pre-Budget Gains - Equitymaster,Equitymaster,https://news.google.com/rss/articles/CBMiyAFBVV95cUxPT3hlZjIyUGtpQ2FMS0IyWHRHTmFWVE56clFVTkpRTkRUSGZ0YXV5bmdTMmhpU1RDWkwzOWZSbGFTVmlYNmtabTRpTjFBd3RteTZ2T1lLM29fZ29LdTRUR3lUTzJraFpJRVJHWEszLVBEUDQxVVZNdFF3eDdpcHZlVTFvQTZ0QkNnZWJsZjVYa2tseUpYT2tGMUxUQ05XU2RjMk1HWE54aXhiRURzUWpWMjNOSHpONXlNUnBOUXhKcTZIU053N3NfYw?oc=5
CHAMBLFERT.NS,2024-12-17 08:00:00,Why fertiliser shares zoomed up to 7% in trade on Dec 17; check reason here - Business Standard,Business Standard,https://news.google.com/rss/articles/CBMi1wFBVV95cUxPU2tMZW5CQzB6QndLNTh2eFNwb0tnTzZKbktfTDA3TU5oRDhTTkdhWWQzdVdTTmViZTh6RGxGQkN1eUwyX3BPQzVKSlhvU05DdzJSeEo1X24yZW9KSjZRMGNsYjZpc2dlUUtHQTQ1MkF1MGR2TEhIdFV6MHZNV2hyOGlfd29nUi1sc1lNX19iUWlNQ3p4YUY0ZjV6V2V2cFVrY1RGTE9rWmMyTVo2VkZmNXpCX0g4ODZ0dmdLNG1RMDJYcldhd1pPSHhKUlZqdFQya0Q0RW1fZ9IB3AFBVV95cUxPWEh6NWQyRVh0MWtab2ZMeFpTMnlQVXUyX3hma2h0Zkxtdm9yNHVQUW93X0kwbWQ0MVhVS25RUmstU2pPem53QkZCeExoTGZKWHNaMVp0dWtEZ3gwdE9feWNubExsTi1mRTdacnI2VXYtbG8zcTdzUEVZYTkwa2phS0ROdFl1SEFlLVRUUnBYUF9HcmQ3X01DcWwzQzlrUWU2QnREWUplMHNkMVZsRXRyalBEaThIajZiVVNIYlJQNE5faHNHYmEtQkhQZGEwODV2UnJCaWFPVlpCREtj?oc=5
CHAMBLFERT.NS,2024-12-20 08:00:00,"PVR Inox, United Breweries among 16 stocks to be excluded from F&O segment from Feb 28 - The Economic Times",The Economic Times,https://news.google.com/rss/articles/CBMi7wFBVV95cUxOWFZ1QkR0NllQX1plRzZJN3ExQnhVYll5bUNXN0hrUWQxa0xMVWtkSVJVRWIxUFhQSHJMMGVfQ2ZlVlM2THR0bEpXS2wwbmNnSXhpUTVkT0NkTUctSWN3NTdMZTRHTVhFVUF1aEZtT0UyOFFQbXZ0NU5Wc1hhakpLcmthNkVLOVJoZ2F2MEJwTHpwaUNmM09uT2I1VWdIMmlQaGFsVUpjN1lfSXJQelc4QVY5U3VnZnF1M0xSNkNOTnYxQlpYS3dmLV9oeFVGd2RBVms2TjUzZEZqVVpNSzNBb0hRVHl6VTB0RHQwenNka9IB9AFBVV95cUxQcHV3SWFkOTlfMkh4aldtUTVzSVlnVno3MlZxaGpvVWExaFRQVGY3X24wblhHay1tLUNqYktWMGhRTHNRN3NDM3dSXzBUcDVpb0l1a2lnOWwzVml3NzFranpzTEU4OERoaGxWSVZPdmlBSWN1X3FsUjVLaEI1bFVjaEZrd2djb1l1enhEbll3X3E0VnlFZGJ0YmVtbVpDSlZDdjVNTUYydXFUUnozSjdLR2VrODFQekF4RHljUGRJbzJ6VVBoN2FhRGpNOGdLSUpuUDBPX25Pd3FwV3NkX3F0aTZWYjNyWjNGZ0dTdDR1TWpjVXEy?oc=5
CHAMBLFERT.NS,2024-12-18 08:00:00,Stock Market Today: All You Need To Know Going Into Trade On Dec. 18 - NDTV Profit,NDTV Profit,https://news.google.com/rss/articles/CBMipgFBVV95cUxNbTFIN3FRczJQYlFGenB1eGpNcWdfc0RuRFk2TnU5cFBUWk85bHBiVnpJSl9pMzZFTFZucnpLcE9pLVpoQU9hd0ZVY2NCRnQwOS03dDg3RmNJNk5HVUtpRHVlM28xVW95eF9aY2wyS25qRXg4M2NGTENBOEkxYVFSOHhuTTZjVE1tdnpXc3NpRXBoUWRkQ1BXN1YtbFh5ZW4yamVjWWJn0gGrAUFVX3lxTFBxaDlkYlczQ0k3MGNEbWJJUzd3WGZiLWs1N3pUanFYaVliWWlsYUVkZHMyTTBGYXFMMl84MU5NS05ZWV9hOTBPOHBZQ3dEU19pNVROcjVzcWFMNW16cHdwRGVCV3pZZEdwMWhGUm1RQzgxYy1XMzVQMG90NkVQOW4wdVlMek9GUmR1c2VzTV9ndE9lbXhOSWxJYzA3MFR0ay03eGg0c0lTRUUzZw?oc=5
CHAMBLFERT.NS,2024-12-21 08:00:00,Biggest Buybacks In India For 2024: The Five Largest Buyback Deals - IPO Central,IPO Central,https://news.google.com/rss/articles/CBMiXEFVX3lxTE50OUhkX3AxYmF3ZnRINDVtUHZrWFJyb3JZZ1ZjVUxrZWtnME9MblZYa0FPNWl4cnBLYzF2LW5Yc0xQRE56cWZnS3ZQRllYSS03anNkUExxemkwRkhw?oc=5
CHAMBLFERT.NS,2025-01-09 08:00:00,"Chambal Fertilizers, ONGC: Religare Broking's Ajit Mishra's 2 stocks to buy - Business Standard",Business Standard,https://news.google.com/rss/articles/CBMi1wFBVV95cUxQMzBLZlAtc015VmU5QmJkR01JTWhlYmhNbU9aWHJpMHo4X29mdFlRZkt5NDM2UC1BZU5jcUV3QnVRUHpMLXZjTERHdkVmUmlfajM0bkczazUxWENpa2hpODFGUlJpT3l0b0RnOEV4UGRaR3NYVHdObXlfUm14RGdpcDJaYlQyak51QWo5TmludkdpdlpBV1hQUEtxem5qT21lRG9SWkM5YmpJMDhQM2Rsank4NVpzaW5hQjdEcWhQeU1jUXkxZWpONEtRUnc5ZDI3Q1FWZU8yTdIB3AFBVV95cUxORTc5M3VXR2psYVNmeF93M2Rjc2IzczdZSTJYUWZGdFltOUJGeXJRU3IyRF9sQUJkVTNVRDlfdno3UTVpdllXOXozaXJQZk5fOEktVlJudzFZbmRmTUlreHI2LXpWX0VvUnZtMndxZVd3Skk0MFBrd3RORzI3ajFrZTlUYTg2UEdNaTh3VHRiUnY3SHJvTTFfeWNIVkFJQS16WjZLem5ONEdBYk5UYWI5YkY2VzJpUVpfejgtSllMazhpczhKTTBEYlpqcmF1bl9FOVE3aFNJX0Q2SzhE?oc=5
CHAMBLFERT.NS,2025-02-24 08:00:00,"Stock market today: Chambal Fertilisers, Manappuram Finance shares in F&O ban list on February 24 - livemint.com",livemint.com,https://news.google.com/rss/articles/CBMi4AFBVV95cUxPQXRJdUJzQkRjN21WcjNfV0lpdjhXdWtwRkhqU093ZzBnTmVKd3BrYVZ3QThzVGtnellQZ3B2TVZuQjZLM0VJWmhjUVNRWGJ1dEl1OUl5WnkxbjZYZ3pOMTJIUUtWNkV2aGdLWkFfZ1dWbm1jSlBReFp2Y1NwVUo5TmI4N2NBd1pWZEtEZ3hJMm5aTUN3T3NjSDR5UzdlcWNScDVDUWNRMWY5WnZnUndoUEhsUllRMHBseFhJSnBpNVpDV2NRMlp1LXhuQ1A3OEV5TlhkMEhWZm5XcFhBU0tKWtIB5gFBVV95cUxONUZaS0FOUGlQTGY0bUJrbWZfVlZZOVFqX3FJcTA1dnl1bkdJbHgxSzlvZXRZWXo1aTdxTjE2dGlNeUxhNXE3WS1QVlZzdXVRZDlyR20tTXh0c2Y0cnA4RTNkLUJKYkptR1ZCRlZhY1doRGphajQxSjhCaEJsclB5eVpVMDhmMVlBQVVJa3E0eUVON28wZjR5NURUSFZLUU5FTTB4RHV1NVRaaHJvQ2hPWi1xRV92WWZ2ZHFIOTVhNzZOeVNocU03MGhXY3FnbVhfMV9sLTM4Ykh5TWIwZ29OZjladG9HQQ?oc=5
CHAMBLFERT.NS,2025-03-06 08:00:00,Chambal Fertilisers hits record high on healthy outlook; up 64% in 1 year - Business Standard,Business Standard,https://news.google.com/rss/articles/CBMi1AFBVV95cUxOSXg3M3VsdHYtb056R0ctVmNSRkdmc2N6ZGx0S3JxdDJGM0ppMTZTNDI4dHZrdFJkVEZrOUhHYlRxOEdVQjR2RWpRU3dFY2dWWVJyYllBNEtYTm5wQUZneG1MOExnQ0ZMZXFkak9TU2Vnc0xaU0hXcHFKdHZlUWlMYkMzWEZOZTRTUWR6dDNnbXR2eXlfM2laTk1DQzBDTWtpeXp1RnJPTlZIMHZQTzdjX01xN2lXbjFSZWxWQmhjVzlobG1OZm95dHJzRnFEVnZtQlZ0UdIB2gFBVV95cUxNSHFWczB0WXhQbmU4eG1TMjE4N2dGOWFJbW5IRk9sOXNPUW04bkhMaXNwcXZBR3FBN05vcExfY0o0Q2lwaDdCa0FLOVd6Sl9PLXR1RkQ2SFEzdndaYlEzM0hGNjd4VXk3c2x0SW9oSEN6STE3bHVoMmQwSTg1LU1wVVkxOE5aZTRNdTRrQk10aTJacHBRZngzNERhSWdFWjNxVnc0MlB2WEJnSS1QTEJCVXBaTE5HSlFLR045M0dSS2pHVnFia1ZsWUZYMHI1TjVmOU11bW9QcUtmdw?oc=5
CHAMBLFERT.NS,2025-02-25 08:00:00,Chambal Fertilisers Shows Potential Trend Reversal Amid Strong Market Performance - Markets Mojo,Markets Mojo,https://news.google.com/rss/articles/CBMi5wFBVV95cUxOakswSmpPWEY3Z1I4TW1ZZk9IQU5VQzBjSk1GTDI5NnJrWWFpWjRuRHFLbnhZUll4V2FkZmdiQUFqR2JabTBGUVBkSGFoanVYTktJelczUWhYWm02QTYzc1JzMlVHTkNpdUxscFVuMEFPRTVKNEJPMUJISjRHdndHT1J2bi1wd0pnNkV0cnFTLUdWdVBGQTJ0T3VHN1drTWRKUi1heHpGX3lfN09VS2VEVk4tdDVBU2I4MWIwWW1lTGtfdHpDbHc5VGhZNHBFckxDRlJmd3prT1A1UVNVNnJIeF9saWRybjA?oc=5
CHAMBLFERT.NS,2025-02-15 08:00:00,16 students fall sick after ammonia gas leak from fertilizer plant in Rajasthan’s Kota - The Hindu,The Hindu,https://news.google.com/rss/articles/CBMi5gFBVV95cUxNOEZYOHhwWGxwUkxrY3h6d3RGUzc3Yk9xRnJHT1VvbkQwT3RLVmNCOHZ4Y0pYaGZCVXRrRzN2QUNTbXZleU1NMUZidzdkSW8xWlpFUkJYOXdEOGczZlZVdDZ0T1NCMWF4c2ZPVFQtMlQxLTRfWTRpRHBFUXgwenY3YnUwNVJ3aldacGF6QktqeW9Ebkw4WmJCVXRqQlVhUkhXNVpuelY1T1dFNjZGaFJvTTJDWmw0emt3UGg0Tk5tdXJuRmx0OFg3Ylo0bXpYa29PYnF1ZlFIVWlPR082T0Y1U3hSdmtkQdIB7AFBVV95cUxQUnBYbHhVZWtZaXpyZ1hkMjRfTm1wTjY3bUhKWGlpaEJvMEx2VVVmY3JxYjgxWTFRdVRET2FIU1hucVlKSy1rNWhTTFZBV25qS0VjSE9zLWFabnp3MldmUXNOZl9MWUw1aDBHV0lydkk0SkJHQ0tseEtqREdnc3FEa0swek9Ud3VRR2x4UVFKNWt3NUZXV3RDNWE2d05rbkFuZ04tTldicjJuRnIzOUJlUDNkUjRUbUc4TU1OT0d4WVliX2RCOTVGRXd0QzUzaU5mamMxaDQ1UExaU2xGZmp4eGJkNmE3aFBCNmU1Vg?oc=5
CHAMBLFERT.NS,2025-02-06 08:00:00,"Share Market Highlights 6 February 2025: Markets extend losses ahead of RBI rate decision; Sensex falls 213 pts to close at 78,058, Nifty ends at 23,603 - BusinessLine",BusinessLine,https://news.google.com/rss/articles/CBMipwFBVV95cUxQTWFweWhuWXhHU3l4UHNnYU40WTBrMnFfQ1l6dzhhODRIbVRLbUFTS0VCemhodlBKNHF0cDMwUUp5ZjRKTkYybk9lZThiMkVVcFFYZ0lHNXBLdXplTVF1WnRaSjZUU1EwbWRZZ2xJTEJXRzVCXzRuR3ZDeHdMRkhtTEFtdmtIT0lhb1N1OU9DdXRsQXBvd3VJVEFHSUNTdHh4VjJSMnRKc9IBrgFBVV95cUxNZFlhbEpJN1A3N3hoS3Iza3hxUE1tS1ljSkUwZzFjZWxjbXZORWRHcTYwNFgyMTk3Ti1ZSmRlNkNrU3NiOElpSHJxNnRFQXpEZGRmbEJPNUFaWTJxQk5TenJ4SEFWMHNnUTNrQk1GekhHSlJaWTZqdTFMaUY3TnFvMWJidl9KUHgyNEduODNkZXlaTGVLTHZxT0Izakx4UmJ6NXhnV0x6VERLbXlVNmc?oc=5
CHAMBLFERT.NS,2025-02-06 11:19:05,"Chambal Fertilisers Reports Strong Q3 Results, Highlighting Growth in Profitability Metrics - Markets Mojo",Markets Mojo,https://news.google.com/rss/articles/CBMizwFBVV95cUxPaUJ4TWJDTkpyWXpKNWI4cVZ6NWZjaWlhc2s2TTFHVHBzSUVvaXhvYVN5OGtOQUNIcVdaSU53Q1lPWWwxSDVOdDVvWHFiRXV2R2p6dFo4VDJ1aTU3VDl2SVZCc3FzRHNBbGxMX202eDhSeWhJWldGaGM5RElpZVBFS2VpTC0zRDRyRHJ6ZGhzcjkxNk5IbldhUnE5bE1aaUNqaW1IdlVMcDl3czlkU2MwOWQ0cEVpaEM2RmNtcHNGSVFNUlN3ajFHd3d6dHFrRkE?oc=5
CHAMBLFERT.NS,2025-02-18 08:00:00,LS Speaker Om Birla meets students affected by gas leak in Kota - Times of India,Times of India,https://news.google.com/rss/articles/CBMi0wFBVV95cUxPbExkaVRsTG9RVFJlMUs5YVRrZzFwWTNsSzRobFhXNmRDSk96Tm1sSFRNemFwYzdybXZHQXFQVTFkNGZvemI5RF9xMk1KbU9DakNBbzNITXRBVWZJV3dHaFByR1hwaDBhUFBQY2xQeW1uWWVxTGV2NzFwVDJtZ2J2ZTN6ZVFNR1lidVh5aENhMTRrUkJCSTFQN2l4M29FblUwbkdZbEcwblJLeC1FUzdTWngwT0dZZk8ydmJXcDZfYTBPNkZwYmJXRnJEV0d0dFVyTThV0gHYAUFVX3lxTE9PaF90U2J5dFF5TnhrS0haNTZfN3Z0NVNpcDlkNTBBUGVBZG1yUmVUaWZpY2xULVl1QlJORDNMeEVNd3UyeklZd25XamxwNHdMcC1NSWRFV1dBNm90eTF3SVV3Zm03dXY0bm9JX3pydWV1SEJseUJQYmhFQTZ1WjY4MWJUdEZFY1R5UnRIbFBXTnR5ckw3b3htb2lFc3NlUHdIMjBfbVNMWFRQRWhxejJxOHYwRmREUWIzNGpuSHNrZHZpZy1yaUZReU1kUDM5cEJYYzUtSGZqVQ?oc=5
CHAMBLFERT.NS,2025-02-24 08:00:00,"IndusInd Bank, Ashok Leyland and 7 more stocks see highest promoter pledge rise in Dec qtr - The Economic Times",The Economic Times,https://news.google.com/rss/articles/CBMi9gFBVV95cUxQN3NKMUVDQlNiME1nMEpkVGlqbmRoWXZPckd1Q0t4M0o4TlRYZHdUb2M4eDJMYnlKek1qaDA5a2VXRzhYRjYwVGJJenp4REhrZGdvQ3lrLXZxNnROVzdaT3dWQTdBZW5WRERudW1ZdFhTSlI4bW9UNllGT0NCSHJyRFZQc2dBMWotRDZDMXY2MldIZThXMEhpRHRxc09fOFVjN0p6WXA2RWlINnFadkdPem9RRlRHaGptcE03M1RIOFNQRzNqd0lQbXFaeHYwRnQ3aGNaQ0tWNFloclZUd0NqZTRSUXlfWExiUVNsSlNPUFFXQjVzVFHSAfsBQVVfeXFMTy16MFNXUTBPeFYwb3o1MmVFU1piQzk2WlRzQV91ZkFvR2p6c3YyNTRxQ0hLaW51bmxBbEY5SHhrNFFGYkVCUTBsaGdUVXlobkJNbDBxRTJOSDdoTXBYSWFrY1dqVGg5VmV2cWZLLV85MUR3YllFTDNKMHpFdHB3TWhBYW1CbVpPMUhSNHF5MW9OR0w1Q1FhTmRVbmpZRElTTnNDRWxCX3U5N0RlYklzZzNLZGU4dy04NnB5ODBXOFhNWHpKclVpMXpmNHQ3azg2aVMtbzlkSlFSb2s0elVrSm9kRGlkdFJWUjlsYnRHNkhPaXg5UzFTdTNKX3c?oc=5
CHAMBLFERT.NS,2025-02-06 08:00:00,Stock Market Today: All You Need To Know Going Into Trade On Feb. 6 - NDTV Profit,NDTV Profit,https://news.google.com/rss/articles/CBMipAFBVV95cUxPMm85VjJFMVNXTTVOb3NZQ29IeHRkOU04Q0ZQN1ZNRm0xUjhYVzJEMGhPTVpGRmtBZ0FjdEpZWHZsMmEyaEJqb3VRR3Y1RHY0SnFxOTgxVVZnZmxuRFNLaHVvSTFBZDRqalY4cS1sTURPYUZpT2xWQjBFa2Y3Wk5VbUo1d0p6dXdfN19pdFowLWYtRkpiMDRyQmdjR1pDTjl5STN5b9IBqgFBVV95cUxQdzJmdzByNWdUeWdJYkE0bHdGdnZFUmh5aVQ1SjlybFFCbGJKb3BkdC1jX3RramJOWnZpdmw2TDhJX1JkWUM4WG80YUxmVHJfOExhcDBqQzFvaVd4bmtsSGE0cTRMNmdMb2dLeWhUQ0ZVTll2RkpmRk5JeTJaTEpRMk5hZ20yRnpHNWJMYzJHcFVENFIyQW1PMXdoVlhQcmVkeHFfc0FqVzZzdw?oc=5
CHAMBLFERT.NS,2025-02-06 08:00:00,"Q3 Results Today Highlights 6th Feb 2025: Trent shares fall 9%, SBI down 1%, KPI Green Energy, Sagility, RPower gains, Swiggy shares slump on Q3 show, MRF profit declines, Reliance Communications, Hero MotoCorp, Bharti Airtel, Apollo Tyres, Britannia, - BusinessLine",BusinessLine,https://news.google.com/rss/articles/CBMi-wJBVV95cUxQS3hyM21rVnJkcWRmbVpyVTlyQ1VoTnVIZVBKQjBXVmRnMzRNYU1vMkhteGRScndlWVdGQ2JWWDlHSFd0TzVIMGRXOUVEeDRkaXFDNVF6WFI0S01KSDNfcWJrSG9JZVdGazFFZW52Uy1tSzVDVnJUZUNaSmIxcFZKcnd6RUNPN0RXV1lVVUJocl9yLTRCdW0tTHpRV09uLXJWclFSbnI1ZjFKYkVIWDY1S2VNdWpyVVFFM0Z1bkJ1ZjNMMkhHS2NqVXJBM2ZiVzdUR1Q2NTFUMkg0WVFKeWJfYWZZck9EdnJmaFpicnlXQ1Nndi1mRk9mSVBrNmNYek1wUzhsVDB1NGNhM184NHpmRWlTSVdZM3Jqb3FGRWR4V01UVDZEdHliQ3NIbFZMUFBQS2d3NzZVT0FfVmR0RHNHdHlBd09TUWNja0lGcnA5LW85Rk5BV2JEQ2FtUE1HN0gtWE5DN2FrdUlMLXgzM29Kd1JDZ0cybUpsMi1z?oc=5
CHAMBLFERT.NS,2025-03-10 07:00:00,"Stocks To Buy: Aditya Birla Capital, Bharat Dynamics, Chambal Fertilizers & Mazagon Dock - NDTV Profit",NDTV Profit,https://news.google.com/rss/articles/CBMiugFBVV95cUxQa0xlOVVTVGxmejNFTGNqSmYzY0FWLTFBVlJQaTF5azNlX1ZJLVlJQS1uT1JVZ3V5UHVuVTBPYkJiSWRsVzJIb054dExhUGlfVHJwQm9WTHJVb2E5V0QxZkNKYThXZGU4MG1iSWtqNHRCNHRiYmREYlFfWUhJVThHT2RyMVVXX0NmdnQtWW5aMWR1ODlVSzJZeXZOMTQzUTJFMHN4OFBrX3ZpVElkQVBCcnVlT1Bsc2pEekHSAb8BQVVfeXFMUGlkbVA3UEtEU0gtTVBLRlg4ejNDaHRlUDJVNFhLSnFpRW44cnROLUR2UklraTlpUDdLOWlMRk5fcFdScWZZRGNLRW04SzZ1X2hmcXBPUER2SUVSRjNFeTlmYjl3MVR6a1F6c1VLM0N3U0hZajluSVNEeTRtWVo4YWlva1M4ekViODdvYURGZUVuVm10UExtemw3RTBhb0lEdXRNa2VWRFY0UFJxUXlCTldZeUcwc0I0R2syMWZwRUE?oc=5
CHAMBLFERT.NS,2025-04-12 07:00:00,Estimating The Fair Value Of Chambal Fertilisers and Chemicals Limited (NSE:CHAMBLFERT) - simplywall.st,simplywall.st,https://news.google.com/rss/articles/CBMi-AFBVV95cUxNb3lrMFVyTUNULW9Ic2JaVXpUYXljQk5zTk8wTU9NY2VTMS1NdVliVUEzb1ZuN2ZzRUFKUmdTazRiUTR0cDAzSXhVNlBPU3lRaVhleFFMNlZ3LTZUOTZyemRrWFRfT0dMdnp5aDJ6dlFKeUpmZ1JZMmNYUkdPWTcyTkFkNlVmWm44X1Utb2FPNEdjZDMyTnYwWC1JNGx3OWNuRm5TNl9STUpCZGExV01sNHdySUpSUnFFZF8wQno0dUc2MXpDOXhoN3Y5dEtDY2gyS1kxbVpUNFRBN2huYkhFMm5CdkNVOGh1RUZRU1JHSU1yVjh1RGYtatIB_gFBVV95cUxOUm0yQl9CV2xfUnJ4Umo2NkFEMmFQc1hyQTZsdnlmcG93YmN4WlZGUW1jWGp3eEJqNFRvamhRZXlwRHhsdnE1Vm83cTVBNERqZmdlVGVVSGJ6OXR6dUJ0WDVRUmg4cUIwSHAyVHRFcDNQeGVEc0VNbU9uME5OZWZhSXRNUEFybjFMOFpGel9kd19SVHVnTHZRR3N6MUZUcXhXRjFsQzVxR29yYk4zNkI2N0RzRVR4TF9yTkstMkNEUm40S3h5a1o5WFl2TTVIN3NMOEF0aXZuVEVzam1aT0Z0MFFKbEp6SVU1Y3ZtNGszXzBNM2M2dnpPUTRTY3hvUQ?oc=5
CHAMBLFERT.NS,2025-05-05 07:00:00,Stock market today: Trade setup for Nifty 50 to India-Pakistan tension; Eight stocks to buy or sell on Monday - livemint.com,livemint.com,https://news.google.com/rss/articles/CBMiiAJBVV95cUxPcFZ0UDdXVFJsbmExa1lhSGVQMkF5MFd0RFlaSkh6b3BYTmRiU2FHUjJoYW5nYlF0WWVvQ3ZmcUFKYXlOWnZGTXJfeWIzemJ2SEtYTkU5UEFHV1AwWjNpMHdHNWJsSmZDZ0FlaS1nMzl5RGdoSFhtUGNDWWdyRnBXV3hiZm5YcU1aTXFqY3JzMnlPUTZQekotTGNoeWF1RjhRclpndENVZmNHeUcwRXFpNFZBV2RQOWJJX1FrLUs3ZzJaVTBIRk8ybVlrSktVU2tMNy00SE5zaC0zN2pBZHZaemoxdEI2REV6N09qVGJ2RmFHTURWZVRVUTZ3UlhHeF91R1lESVpxQm7SAY4CQVVfeXFMUFJsYXVvQlRQY3hmRUdwcVltN3pFZjFZblFJdzRjZDExVnFiWE1naEpGNVNkU3ZoM3cxM2VRaGZVRTFnYWF1cURBNFJPVXR5ckZCVGthbHBiNF9ZOERvOEpYYkFPWlNyc2RlV2h4Q1NURjQ4dXpidVZ4UlNXUFg3UDU5UXdIWHdtRktWaVRsS2ZycDRDTVYwVVZ4cG9nR2FGOUM2N1c3Zjk3RjZMUWtYS3JvSktTR2FpR1BXZS1lOWNkbzJXdmg4U011dEZ1NlYwd0xLNnRZZEFCanF0clJ0WWNmcmViS3BzQm1VZjAwd1hGdDc4WWhSM3V5dlJfQ2dtMFAzNktlTDV1MTJRYjRR?oc=5
CHAMBLFERT.NS,2025-05-07 07:00:00,"Intraday Stocks To Buy Today, May 7: Top Picks By Sumeet Bagadia For Profitable Trading On Wednesday - Goodreturns",Goodreturns,https://news.google.com/rss/articles/CBMi-gFBVV95cUxNSDYyZURNRlIzY0NrZmFFaHVWb3RHd1RvR3J1YzVRcVNqU3NoTXVXbjFYVWYzWG03MmdKY2xIb2Y3aklqWUQ3NHppa1FHa2pnN1FTcDJaWDFObjJFY3BRYkxNR1d0RFNaX1FaWF9hTFVndW1pMlU3akxGUk90bmh5djllb28wQWg1eHFVOHpLTV9zVjZ5VFFqZGlxNWNhY3VXLTlrMHVPN0d2Q1huemhVVGtWWVRpQmxBd21VT3hCNmwzZFZpXzAwTTRaT2RVREN1TXByMExVM3ZDSEx0TXRrTm5WWGpTeGR1aGpJZjZMU1JnOVRCeXRtYjNn?oc=5
CHAMBLFERT.NS,2025-04-09 07:00:00,Stock market today: Trade Guide for Nifty 50 to Trump’s tariff; nine stocks to buy or sell on Wednesday — 9 April 2025 - livemint.com,livemint.com,https://news.google.com/rss/articles/CBMikgJBVV95cUxOMDV0eU5QME5qdFh0ckZJd0VJb2JVMFZzdkhyOU14MTVpZno4SV9CcnFyWE9JZjkzN1Fqal9tbVduWVNYOXdmMGtwWWI3QnM3a1JqQUJXbUY3NE5WS2hzRDE1MzNxZEhETnVVLWtFQ2FQelBlNEl3eEtMMElWeDh0VDh3TUU5dFBtUm5iMEJrNm56b18xRTV2dlpLRXBXRjVRNWtUMVlKSU9KcEFSZXJYZ2owUkltcTYxSGxidXlxaXVEMW1YeFlEQjFMb25OQUxWZFpmOGNOYTBIbzZ5TkRIeFRHMmk0OHZYMnIxaVBSbXU1Q1lCVlNSaXdaRzFrUXlpUG80RDZrRGI2RkVlenMtaEh30gGXAkFVX3lxTFBxQmFJZG5aTTlpWlkyNHNwWjFUQTlZRGRBWXdBUHRDR3lPU1NOcWdDb3UwazB4RjFWNDNVeVdMWDFTX2JTYjdXUEkzQ1V0d3ZmT3Z6Z2tvMDVjSU9CeHZ3ZzU0V1ZMeGdrSTVmVFdUUnljWV84LTBNS1llTzRZUnkwYy1OTTJWZEJOLW0wRTdjV0gwY0t3WktWRFpGV2NGZjFJb2JyejlXWENGZWdpVWhEeWhBNElZZXFmdnlVX2liVERDT1hweHBUV29hUExaOUllcm9neTJjamh1TjI4TkRKOS04QWJPc0w1VWUtYTZPVHRqRktoeDBUdnYxYnBmbHZEYUpUMnhuWU9GZUpkMW5GcWVOdWNKcw?oc=5
CHAMBLFERT.NS,2025-04-16 07:00:00,"Intraday Stocks To Buy Today, April 16: Top Picks By Sumeet Bagadia For Profitable Trading On Wednesday - Goodreturns",Goodreturns,https://news.google.com/rss/articles/CBMi-gFBVV95cUxNaWdCd2UxOFdTT0l6ZFM4ZnlycXBfYlphUG1sTmgtQ1pXb0RUb3BSRHIxTXdvQUsyNU5zOEx6OWdpWDJ2U2pUekVzMUFHT0RVLVNtZ3QzNmtnbEUtMC1nV0JqcjRKX2RVMTZjZXBIR1ptSnpqanNUYUxsU21pWkdnYnVZblYyQW00cTF5MUZoODNVN2dxWDJjeVVjT2dHQkx5YU05TTc3bE4yRVVEYkZmZEp1WlZSOVJwUXAwTkJROUJRQW9wZ3daeG5PSmhjZDE2cmY5NUYxcVZFLURNeXk3OTBxTUtQOExaX3phZnlqZlRwWmtERjlyYWZB?oc=5
CHAMBLFERT.NS,2025-05-13 07:00:00,Earnings Update: Here's Why Analysts Just Lifted Their Chambal Fertilisers and Chemicals Limited (NSE:CHAMBLFERT) Price Target To ₹634 - simplywall.st,simplywall.st,https://news.google.com/rss/articles/CBMi9gFBVV95cUxPOEpobEtPY0hvX2Z1aFBNc2JIY24xUmpzRWZhZF9hOEx1TDNveHRZaEdaQkJqdXRnWmJlTU5sLUk0VFFudEdDc2w4c0VQaGRoMmI5cXo3eVowa0R3TjVveVpCRkxwdEFaLXlFRHp4am1xUXBUSzJYaHFYa2laandmbEM2MXR2OXN2QTV2c25QWlRfdTJ1aGxyZjVwLVFqZVh3WHUyeEd3UkNnd0pPNmxCb215Nko0djJWZkxySnJkRHFxSjEzM1E0ZC1uTUdOVlZna2ZVUUpvRWFkQjJfdFNXNDJMaVgtNVFKQ0w2TFZBejk1TXFLbXfSAfsBQVVfeXFMTjZsQm5hN1dwNFZOM1lyQThRU0ZDMmNQUWN6RHV2dkNNcUxjNDBvY1k5Y3U1UmcyRkRCWFNfU05ZVDNxTXpodlFadWJIT1QzMVRZWVNWdEFWaUpzVmJNSEQ5OXVSNW1fX1hqbHBCaGRleWtoei1VWWRZbnN4Ylk2MWNYbDAydkxTcXJGb1FiQjU3aHZzRGJNbmhZd0Q1bGlESFYtak9TSUdHdTlBUGk3alRRVmh1UHBoaGQ5WGVERjFncFhHUkZRLVJfaHU2TGRjR0l2bjBjOUFIZlNhVkJia2dLSElxaWtvVnFyVlMxbHdrV0ZLUjR6Rm1TdUU?oc=5
CHAMBLFERT.NS,2025-05-26 07:00:00,"Stocks Under F&O Ban: Chambal Fertilizers, Hindustan Copper, and Others - Equitypandit",Equitypandit,https://news.google.com/rss/articles/CBMingFBVV95cUxOaFlNNkxydnFrcUFEZ1lLNS1Rb0JaYWxmMFgxU3VYRHhuaFhjOXUwUXhGVk9kLUpQNHhiRGx2MG5FaHRzckVTZkt5NjEzQTcyLXlTNXVnckh0SXcyU2lfTFRIQjNtdC1tcFQ3bFVId2c3bGVoaEtpUk1tRkgtN0VodG9TdmtxUmpLRjZKeHVFUVdCblJHa3hua1laT1JUZw?oc=5
CHAMBLFERT.NS,2025-05-08 07:00:00,Chambal Fertilisers Q4 Results | Net profit surges 34% but revenue dips; declares dividend - CNBC TV18,CNBC TV18,https://news.google.com/rss/articles/CBMi2AFBVV95cUxPbFR6TklYMUZ4QVQ4T1FGY1JyT2IzTFJ6TnE0YUFqaG5UbUgxMFBJVWg0NUN5aGNPSE5XX2FObUI1SmxCbkZyU2ltN0ZKR2psclRfQkhxazlBYjVzVFJvV2ZxZFFhVHotLXhldXRPeEpHV1lEX2J0cGpndG1ibFVWRXhYRE9XbkZjWFU4T0gtNl8zbDlEdVBydEhnN1U0YWYzM200bmJpRjROYW8wUkRJc1FKWHVDN3NRTGRidGtqb2hkSnBYXzdiU1YtQWZ2dm91Vi1ERTh1RW7SAd4BQVVfeXFMTU14VFJfemNUREhmRmtXMEhtTFp5bmxnTHFkZVdmdV9qZF83Z09DVWZ6VDZ4Ym93TlpDeFZRdU40dE9hNEZyUXZ2b3V4d2MzenZtbTA0ZDQ0dVk4WVBibkNtcTBqaDJpOElnNHZrVnk5LVNiRUdUMS1fV3gxd2ZiY013SHlBajE4X2ZiQVpRNnVXOS10amp6X21sd294bzlFczhZQ1JlN1lMdVVPWWFJTEtnTm1MUkx1U3hJemlHUUpwc3htX2FOdkdvVjlPQmt5YTJhYU1jZy1hUzA5VS13?oc=5
CHAMBLFERT.NS,2025-06-04 07:00:00,Stock market today: Trade setup for Nifty 50 to US dollar; 8 stocks to buy or sell on Wednesday — 4 June 2025 - livemint.com,livemint.com,https://news.google.com/rss/articles/CBMihgJBVV95cUxOV0U3VGJZZnpxTmx0ZFd3MnFhRVJuWXVKclhCTjNNejByZUtJSWlMQUN0NFVMVkVfS3Y1X1EwOEZPRENKdnF0MkFUaHkyOW1pTEF0YlpLaTExNktBZzhqTlFwRkJSNE44b3AzbzdLSVpWM29lNk8xZVJsTEZFbHJqWVZkd0VaaE1XUklyVExYLTJqM0RVOGpEUVZESTZCN3N5Znp6cEw4WGZ2Q1hNM3JjbXJFOUZlUnhqaGRzTnNyeDAwVUJmQTRLSy1GcDdQbFdBMWtOUkhlLXBSVzA2NkppTE14dTQ0MWJDQ1U4TWZyQ0N1ZnlyS3ZOVzhUS3RGRkxnUnI0MnNn0gGLAkFVX3lxTE9id0Z2SHZaRjBtYndpS21KMkZmbU01aFRnWWhzVi1EekZBNnE3Y3JPOFVXNmdCQTh0WXZvbzJzaWt2ckVmWTRuVXZUU0pfNEd6MkJVRHNXR2RGU3NwMXFmQzl3dVBpYkJGUFREdE5JMzVjeWdjSDlFUkhuaGVXaUN3Q01seGd4LUcxTDFENTRnZ3diR2dMMllqRmtCb2Jjc2FpM2RHNEU5NmtqNHlVX29HLWtEMWtUcGJDU0I0OTFERHFyOV8ybFdBa202Si1aWUhPVGIwUlkxdElvVlRDeVV6bXhRTnhMb0pIdFdBaXZMVUpCVVltQkNsUDBRWTM1ZzBfYW9YeDMzbEVQTQ?oc=5
CHAMBLFERT.NS,2025-05-07 07:00:00,"Intraday Stocks To Buy Today, May 7: Top Picks By Sumeet Bagadia For Profitable Trading On Wednesday - Goodreturns",Goodreturns,https://news.google.com/rss/articles/CBMi-gFBVV95cUxNSDYyZURNRlIzY0NrZmFFaHVWb3RHd1RvR3J1YzVRcVNqU3NoTXVXbjFYVWYzWG03MmdKY2xIb2Y3aklqWUQ3NHppa1FHa2pnN1FTcDJaWDFObjJFY3BRYkxNR1d0RFNaX1FaWF9hTFVndW1pMlU3akxGUk90bmh5djllb28wQWg1eHFVOHpLTV9zVjZ5VFFqZGlxNWNhY3VXLTlrMHVPN0d2Q1huemhVVGtWWVRpQmxBd21VT3hCNmwzZFZpXzAwTTRaT2RVREN1TXByMExVM3ZDSEx0TXRrTm5WWGpTeGR1aGpJZjZMU1JnOVRCeXRtYjNn?oc=5
CHAMBLFERT.NS,2025-05-28 07:00:00,"Stocks to buy today recommendations: LIC, Naukri, Bharat Dynamics, Siemens, Chambal Fertilisers and more - ET Now",ET Now,https://news.google.com/rss/articles/CBMi5gFBVV95cUxNVWpXWkFPR0NuSnB3ZmZ0T3ZmOVNTWnVacWg3dm5XdVUtRnNTanIyWEgzMTFWSVdmSTVjZE0tdjBTTy12UzJqQUNYcGxxMll0RkFTR2xyX3M0MjR3anNVNlJRWUFUNUprdUNiaHhhYkVST0lfWDVoWTRRRTM0Zy10NnlhMzl3eTRuZkNLVU9VTHhUYzducWgtTDdBem43TG1ONWV5N2R5bmdnRDd0T29rU0xuakZtRm9hYjl0OFdoVXZ0MWxXNE5ZelpocVAyZmtNNk5UN1lzd0MxRHhCZGhQNzRnTlplQdIB6wFBVV95cUxPNHpmNEJuNDRnSVd4YjI2NTVoNmh1UXFhZl9VR1R4WENSOVdKT0NiZGJNR3hoVEk2VDBsaC1CdVp6UWJfb29lSW04bjF0VS1iRXVXdm1ERWVXQm42M0stNFFyM09RMzJZaGJJVFNMbC14ZzVEdmJ1SVhfTzNLa1FXeUstM0JnTEhDbEh6bHZvLXByaXRWT3RZUGs2eVVxWkcxTGctMDRFQ0NVV2JyM2lzeWpRWkdta2M5X3dJQVBTVW85RWc4ZUhHRm54NG5SUEF2YmtHcWFuUng0NTd0SXhYTk13d1FTTjViNTkw?oc=5
CHAMBLFERT.NS,2025-05-28 07:00:00,Stock market today: Trade setup for Nifty 50 to global markets; Seven stocks to buy or sell on Wednesday — 28 May 2025 - livemint.com,livemint.com,https://news.google.com/rss/articles/CBMikgJBVV95cUxNQzZUajNqTVlib3NUTmp5WHJOX1VncWJKaWw5UW8tbmpVVi11Y0x6UzE5Z2x4dVJKY0c0OUN1aXlpNzhCZXFEd3ZmSTBPVy1BenYweEdHSlBtdUx2UVg2ZVZ5SFNSVkZMOTdmQVc4TmRSb0RIZVY0Y1c4aXd2aTlBU1RmWVAxOUxveU5rd3RTVjBtYjdHMUhTR3IwQmJDazF1cWFpSGR2LUZvU0NpMTEzRXhKZG5taXFxcmw2N3Z1QmhWazhNZlAxUXZaUFBmUktVbVVMYmQ4N3FaSkhJaVJyckFvS0hQT3VncUdvTEVIR2M0NFpWUFZFNzhFSThSREdYUG1rSVlNQlNrOWU5TUkxWHJ30gGXAkFVX3lxTE9xbUNNcklLbjhoaXJZQnJlbk81bWx2Tk9tTF82N05XdXAyOWhmeGZZU29GX2QwdkZRLVFadHMtdUx0ZjktM0xYWEJ4VTRzRDkxcTg5NnNBbnZJSlRaZ050LWdBYWYydWpWQTYyUE9ZYXdQaGw3MjRlb1dUdTVsaWhtbUdYQ2trTGU3YVhMZGdKWl9mQjFkQ0N3MFdWMDRXTWY1MGxObGl4VkNaNFc1N0RuTUd3QjdMUC1rVmJ3WEJFZWtEb1FFYS1adVMwWmhFdE1jd3BrekZqOGtBTnFLWVlUd1dveGd5aU1VYUFwTE1yR1hZbHpicDlfSnJoMGdmNFc3ZWVSaFkwZjh2WmhYdDhIVzFYS3MtYw?oc=5
CHAMBLFERT.NS,2025-06-03 07:00:00,Archer Aviation Stock Falls Despite Piloted Test Flights With Midnight Aircraft: Retail Urges Patience - Stocktwits,Stocktwits,https://news.google.com/rss/articles/CBMi2wFBVV95cUxQLUxIM1drZzdKLUlQWlB1MTJUZjJtUmxUbFFxcjJsRXVWMi1MdkNVUjRfdmZWZ0xod3NQOHo3OERiUUdTRXNRZjhWQjNXLWFKUUFVZ1VIWHNRRzNseWozYjlqTDRRaFNsTF9IX3ctakV4NFRrc0FyWVhRWm5MdVVKNFNfbTc4bS03VUlBUUxwWG84d09TTmRTY1JvQ3I1YlhGYjJ4NHcxMzVGa2lIaTZ3ZmNhZjI4MFVYVXYyUWJLSXRoUnhmTHhzVHpnb0VZYlhZdzRKWUVqb3kwMzg?oc=5
CHAMBLFERT.NS,2025-06-01 07:00:00,"Chambal Fertilisers & Chemicals Share Price Target 2025, 2026, 2030, 2040, 2050 - shareprice-target.com",shareprice-target.com,https://news.google.com/rss/articles/CBMieEFVX3lxTFA0a1JnX0tYOVJBX0lYOUc5MVNVd2N4QVE2RFZFd1Nyb1pPbkFZNTMwX2c0d1RVVzRGYWhEWGVDc25FUnVqRW1pcGxYajhBek05WE80anRlbllnWDJQREtVY3Rwakg4R2cwRzJXbTBRdm9ZaWFvYkxiZQ?oc=5
CHAMBLFERT.NS,2025-06-30 07:00:00,Chambal Fertilisers Appoints Narinder Goyal as Business Head of Manufacturing - TipRanks,TipRanks,https://news.google.com/rss/articles/CBMiyAFBVV95cUxNYm1uZ2dLMVc4ZHJ3RWpRVU9vQjBqN05JaFJ5WUdRYTQtZlBPTE9XeGprUkFvUklROFIzU0Zua05xOWZuVTlNQXVkenh6dmo1T0NsakdQYVVXc3Z2Uk9jWTFoZkRZaXJVNGYwS1R1bXZTUGtxVUhSemZJMmMwUXIyRURlYXNwUTNydWx3emJFczBtSkRrbGdpV2luSkI2MG92cDNPTnd5YnFRU1UtSDNLaDBGUi1EdzZBSng1WEZvQXBxR3lyd0VJRg?oc=5
CHAMBLFERT.NS,2025-07-11 07:00:00,Is Chambal Fertilisers and Chemicals (NSE:CHAMBLFERT) A Risky Investment? - simplywall.st,simplywall.st,https://news.google.com/rss/articles/CBMi-AFBVV95cUxPZEdKMDhJSTVXZ3g5b3pxenZzcWljWV90QmVRMjZUYjJvWl9hMHBlQVQ3dXpLeEY1T0RRU2wtVHhCRGV3eDl2T0M4U1ZyTTlBU0l1TnBuRHpuQTZqZHhVdkNUd2lrN3YyRlJtaUVqU3Z1TXVmSFFuRWNqZ1FHbkVrdjdRb0JuMW9zSE9wSnNXUHpnbmlEN3haeERQNlpHaDdIZ2ZmQ0xGZ015M1JtTXk5NDNCQ1hSNlgyaDAteW9acUpOejJ5QnZzR19Vb3pWVzdQbWZHOTg3T2treHpPc29icG00X2pZZ1d6ZzdtWEl4dmZMdDVNZ3NoOdIB_gFBVV95cUxPS1dJTlduM3VzWTdZdFZ4STR1WGc5NFdUNXdtY0NiX2kzRE9FZW5KcU1jekNYbzZLOW9oUmp6Z0d2eVhPRkI4X2dpb2VCU0ZtWVpPcHIxWUpqQ1QyUVp2eEFWbjdPVHk0bGIxVE10X2txZGRZaXRvQ2ZxQ3oyQmlQRk9fMWlsRHphNE1jWFozdnNPdkFtdHRtRHk3WjlKLW1taVh2MHdyODdIMnhmVFFTRmY4YVUxcXJpUHhQcjUtbkNtNVJiWlctUTFxeXhGX0lQX0hRaE9Bdm9oTjFfOEZDLTQ2engxbnB6aFk3djJGZ2E4bHE1RFlhWlMxLUstUQ?oc=5
CHAMBLFERT.NS,2025-07-25 07:00:00,Chambal Fertilisers Sets August 5 Record Date for Rs. 5 Per Share Final Dividend - scanx.trade,scanx.trade,https://news.google.com/rss/articles/CBMi3AFBVV95cUxNR1VxMm96Z19Od1JtOTgyZGxlbzZnRmNDeHR1Q3JrWHZNTTh5Y0ZpVHdsQ0ZkN0h2RF95TUwtdWdYVnd2NjVPYnotaVRfLVBFY1hrU1VUUGRvekE0aEUwaENFMVFOVHp4T09mY3hpQkxMYm5DLUtjLWtSZTRwTlQ0MEdjMmRUSERoZW4xeWRiMGZ6THlBMVU2OGR5cTkzSktuQ0pzWC1KQ3NmTU1aN2tTNTExajVRWEhiWDZWdm44UG1FaVNlZlN1cTF1eXluNFhzVjk1UlhqUjRYUkF2?oc=5
CHAMBLFERT.NS,2025-08-03 07:00:00,"Chambal Fertilisers and Chemicals Limited (NSE:CHAMBLFERT) Looks Interesting, And It's About To Pay A Dividend - simplywall.st",simplywall.st,https://news.google.com/rss/articles/CBMi-AFBVV95cUxPdm5qYi1KSmRFa0hrVUxER2gydUNnU2N6R2RIVGZkY2FORGxQUkEyYnU1eHJLZ3ZLQjFic2R1Slh0YTB5T0wyY1BXN0lqR3RLSDRLTEtNOWYyTVJmVFdWblRaMHFjTzNKeXNoSUxCWTJ2Z3B5dnVpMXVya1IwaE1DMF9fMjBnQWdWQVp0T3F5aWF1MVlfa0VZcDhQOUhWRFJKQVowYjRIQTlhUzlYSGhQa3JfMUM3YmloTV9TbExnVEtFTmtsTHlDY2t3TUtaRGdLV3o1c1k5dlFncmRRakxyd1hhb1hkRm1JXy1FOVJDbjBuQzdfWDMzddIB_gFBVV95cUxOdmluclZCc2J3b0gtd0NOMnEyc056OWhtQVNVOVFRYmxieWpjck45andpU2tUQWpLWkktV0tKaEg0RjhuZXg3WDZ1WXFpMW9fWlBqVlFvM3dWbzNCRzlicmlQckdQdVhNQVd4MlFGUF9IZ1QtZnZjamU3S19oY21nckpjMVpKY053MVZPVWppNEdqUFAyblhDM0VHVkszWnRtN1NNeWtsT1I3elhDV1JHTFVRbG5tUHlMY2VkUXVIVlBHeV9KVE94NWZHYloyaVFNbDRpLVMyTF81VGIxbllMcnZXV3lCazc2MFRhTXRYTDdUMGQydHF4RUtDRGhOUQ?oc=5
CHAMBLFERT.NS,2025-08-19 07:00:00,"Chambal Fertilisers, Rashtriya Chemicals, Tata Chemicals shares surge up to 3%; here is why - Upstox",Upstox,https://news.google.com/rss/articles/CBMi3wFBVV95cUxNc3VrbEZPOEZON0VCOGUxTE1yaEVvVHVySUxVaXNMQ29jel9UY3J4ai1XMWZCNkdxUjljNEtHQTF3a3RhaGxvLTBhREtjamxRR0hhVXIyYnYzN2R6YzVLdm44UTBVdW9XcXZSbXdJQW5RR29yVGxEMkp3Skx2dG9kcTg3VXI3bFRrTzFTNUsyNG93STlkd2p3c2xCdXB0MmZLeXRFZ08tTFdZdGVrSTVJVG9rWXhmN2k4emdXMHRGeVVOTXFJVlBtM3FDTXdPUVFUMXdTdW1lNUtWLWVVejBR?oc=5
CHAMBLFERT.NS,2025-08-16 07:00:00,CG Power & 4 other stocks that have reduced their debt by over 80% in last 3 years to add to your watchlist - Trade Brains,Trade Brains,https://news.google.com/rss/articles/CBMixwFBVV95cUxOS3BRLWxFNjdRSEd5ZnNycWJuSEtnNXZDaGxDY0txOUxDeEhDSGVEbGpsZjh6RmJKREJ1T3lQdlBHZXRndUhlekNfOEtsTnM5YkhsY3dwcUNQN1FQdExwMktuVEZRdGpwbmhqZUs5R1VIWGZ6WDhaYW1MMlg3MnNKakNkMkJHeXJ0NkxURVZ0Rk1TNl85MVdRV1Y2NXpTZXU4Ylc5YzBOUGt4OG1Nd3NiNEdmSkV6NEdBOWZIRUpKeXFvZlJzRXRB?oc=5
CHAMBLFERT.NS,2025-09-15 07:00:00,Here's Why We Think Chambal Fertilisers and Chemicals (NSE:CHAMBLFERT) Might Deserve Your Attention Today - simplywall.st,simplywall.st,https://news.google.com/rss/articles/CBMi9gFBVV95cUxNdjhDNWlGSnpmcDlCVG9naXpVLUJPSGNrcm50RklQSlRUWGJsZUJiVFJvLUhRM2VVYk95dThlZGhDRDdWdG8xaHpuVUo1YjZuODlMWkZBV1UzTlBfNnVTa3VnYTVRX0dGNW5QMzRzc0tPR1ZZMTIwQzhkNGxnNGdNeHkzVVc0eDZoREwwNlhaQmNsUExfMkNtRThWTkVyQ1lqTWxJeVk0dU9uM2dFNWU4YWp4X2R6ZE1XYXZ6bW50Q21PV3d0UFlXWFRORDYzTXN4MUFFWUVoZzB5QkNSeU8wUDZjX0VSOHZOaDdIUDA2cWtMVUZlcXfSAfsBQVVfeXFMTU0wY1lmRGlkc2NLdzhzV0NYYTI5dG9MdGpQRUVXbWJsZjB1MVlQR0Q4S1Fid0JFUUkwXzhMc1hVY2ZHNHdDY3Jxc0R4YklRTGVxcm1nU0ZzRjFlS3hGYkVZU1dzT25DNXUyVHBYaEh5Qkx3SWpnb2N1R1hPTzQ0N1ZTMENwUmhaRGREZEFmQUE5Mmxtdkk4eXNRNVpWNGxzNnFqdVJuVUNsanZDckZNMTlMTUVudGtJNGFGNWNKQTEwbTM2ZmhleHFzREFjbl9BUHN0ZnMxZmUySVhWNjFUaGVtSWhXeVg5TF9TaUthUjBlRktXLS04a1c2MGs?oc=5
CHAMBLFERT.NS,2025-09-28 07:00:00,Private companies invested in Chambal Fertilisers and Chemicals Limited (NSE:CHAMBLFERT) copped the brunt of last week's ₹9.4b market cap decline - simplywall.st,simplywall.st,https://news.google.com/rss/articles/CBMi9gFBVV95cUxPa0E1a2otRzVmbFdqdFJRRVFNU0VjMnFRRU83b05PMVVEZ1pNQW55VGxSdGdTNVRPaDFnVmdCeHZpN01UQ0RabW8wd0Ntbjk3d2hVT01ZRGd6Q1pBWndHM0hqcmRtRUJMM0lDTG9pdThENDJIS01PVmNBUklJSFhVSEc5U1czMzlrTkRESDhuaDQ2d1F4bnd1b1NiRXpTSUV6ZUdfT0xPdnVtZDE3TC1hVXhXZlhSTDFiX3dUZjQ0ajJqRUlaWTJQV1ExNld3Vkt4bmx1R2NjMElERDF5WWNEZzl2VkI4WVlaQmlvWlF3SDl6VUU4T3fSAfsBQVVfeXFMT0tqcmh6TGtnUGNEdTJid0N2alR4NHFGYjlOY2g1T2VQRzBtNmhUeUJqdlZwUGdmTjlhRktvRDRocnJ6OTd6UF82b2VxQy04NEMwZ19iRHVTRlNrZWFrcWF5ZkR5WUFJTW9XTXA2d0QwZk9WT1F2eE45bmQ0bmVwZU53eFVCMXEzOER6dnlyX1F1aGhFbjFldkhURmdrRXZyYXBRRUJXUkE5SWFEMW1MS2MtWS1nWTNnUGtfX0ozOTJYallNV3liMks4bmtFdEtSelpzVkttZ0hKUEp6NHcxTGQwY2w4VTlJREN1U2RUY0VWYjg3cExwUVdHNzQ?oc=5
CHAMBLFERT.NS,2025-10-16 07:00:00,The Market Doesn't Like What It Sees From Chambal Fertilisers and Chemicals Limited's (NSE:CHAMBLFERT) Earnings Yet - simplywall.st,simplywall.st,https://news.google.com/rss/articles/CBMi9gFBVV95cUxQZlRBSkhoNUgtWVVxVTBBZ2Z0M085TDNobEFYMXJQZTN6eU9LVklSaWJFTXZPNlYtRWpMd214QWZ6YnlXdEhIV09lUFRfYTlzME83YVVIR3pPWFE4MUdxMUx6ekhoS2hZcUVaZDhRbWllRk5OX3BaUmxQX1RFNjZSdm95amFuWi1Dajc0NmFiT1hpYWpCSE1qTVhJc0FzZ2IyaUxzWmxxZFN0Q3p5aGV0OGZQQXhfbnhib3I2aFJISjVzYzJyWnM4N0o4OFlpSVEyd2diVWRNaXBYUERjekdhN0xyOFRfVW9XRXhRNldBc3Q2VERXZWfSAfsBQVVfeXFMTnR1aTdUZmR5TkhiVFhiZXpOc2FrOGlpWlVRdXFLYkVQdDREOTgzVGlRUmZBb2psRWVpVVJsTFh0UE9JYnRJZU9vYnFBQWplSEgtY2FsWkl5T1JtYUhjNjg3ZmdlM1lGMDVoVk5UcnkyQ2k3ZkxNdmd1MW9GQnE5WDdmZzhJQW5NSXE5NW0teXAxNzJxZ2lUNmpRVlIzV01WclNRNGVwS0hudXhLX1VDUmxhbUdJR28yTnhheHNUemVsYTBnbkpiLWFyRmctWGl0ckJRemV3NHBRcWtWcy04ZHRiVUt3aFJ5US0yR2tkeTl0RHFES1BRSGdhYU0?oc=5
CHAMBLFERT.NS,2025-11-03 08:00:00,Stock Market Highlights 3rd November 2025: Sensex inches up 40 pts in muted trading; snaps two-day falling streak - BusinessLine,BusinessLine,https://news.google.com/rss/articles/CBMivgFBVV95cUxNRmxqRVRxQ2dfVVZTN3ZaT01iVF9MTWh1ZTFvYjA5QU1IQUZYeDRXMmtfYjViTzNWd2lXLTEzVVk3cHJaZ2p3bmp3SHA4T1ppTk1GdE1jRXRpNzR5Z3otd1NkRzVmUkFCNTZQYXJwbW9yQ0NXM29LU2RxeE5ySjh0cWdGeU9BQnJkODNXYlVjczR0aGVKRWRhMzZldlU0dUpxZGJSZmZ3bVVVZ3R1V1dLWk44NlBmbUJUbFRCY3FB0gHEAUFVX3lxTFByd1g5MmdZZjRub3JrMWV3QzJ2TnBNZ0EzU1ZsQ0VCcUVGdHkzTHE4MW1zeTFwelpKNWlfOGkweTUzMk5JMUF1M19nV3JablRYMGtYNVZVTGh5TC1yWWxWbVFmbW5jQ0lUVUJJRWc4NzJaZ1VNYlpxc2tKamw0eVljbTZ4c0UxS3BlZ2hiRF8yTFJvS1c4SVA1YVZzaDhWOTJUUXZKT3ZadUJUdjRER0w0bW96eXhoajdpSkR5N1FsaHdPZGw?oc=5
CHAMBLFERT.NS,2025-11-06 08:00:00,Investors in Chambal Fertilisers and Chemicals (NSE:CHAMBLFERT) have seen strong returns of 223% over the past five years - simplywall.st,simplywall.st,https://news.google.com/rss/articles/CBMi9gFBVV95cUxPcF9DUVFyNkU4ME54SEFFeUhoeVAzVjdVRDJGZ0Q3dUlYZmpCdHJFcTVGYWZSSXp5MkQ3dzh5cE9WbmdibXFNMkY2WWplLVp0TF9XR3paVzZDdXlFdVNwNGttcnJxNUs5UlpHNEdkdkwzQ3hBOE5Fbmp5SmF2MTU1OUktaGRXSkxFR3JjemhPUGlEdFVJZWRCMWtuUkIzejJRcG4yMVZVTDRpdlU5U0lMTlZGejFXUmZMcDl0N0Y1SkhBQWV6anVVbTZsZkcySGxiS3ZRT0VsZWVjOEJyV3F0c19oOFk3Q0Z3RmtocVJHeEFOV0hDVGfSAfsBQVVfeXFMT0NZYkxaSEJNQl9WMzdEV0tuY1RPa2FhZjAwa09Ednd3czJWTHp3eU0yWXowRFh5VmkwdDhkUUUxeDlLUElyQVJHeGZiQ1pURkJHNnhCMVEtMjVvc20zdGpRSkhCaWRyeUx6dDhxV0ZQQWdsd2k1Y09WRlRQbUcyVFZKRmRyZWJEUTA2UzRiNGhQUC1CWGJHRkM4cmF2QVBUUzhSTWNLcG9pUFhqanlXVEduZzk3TlVkQU91TzV4bnV1anh2Zm9MYl9sWmN0MlhyWHdJZjNxVDNaYkZYZHBKZFdaNkhKVFRYMHA5eVdOcTU2eUNzWHZiMXFCQms?oc=5
CHAMBLFERT.NS,2025-11-04 08:00:00,Chambal Fertilisers Extends CFO Anuj Jain's Tenure Amid Strong Financial Performance - scanx.trade,scanx.trade,https://news.google.com/rss/articles/CBMi1AFBVV95cUxPU0VoMGxJRUJvcEZYeXdvNWtVVU1DOWZQRG9HUWE4ZWQ5eXVaY0x2ZGd3blRpam1ldF93Y29MLTZWQU5GLVREQTVxZmFNNFJjOURmTFhZNl9jb3J1UlhubHBMbzkteDZGMWcxUVMwVFNOVFdzRHJmOENval9PYUdrV3F5NXJvcm1aa2R3U1J2eDZsX2Z3SGhrRGxvelJ4bHcxckhVZ2hWeFZlRFVseUE0VzN0OUhnQUQtNU1PemN0QXZnRkQtN0p4VnlTbEQyVlRSMWxKRg?oc=5
CHAMBLFERT.NS,2025-11-03 08:00:00,Stock Market Highlights 3rd November 2025: Sensex inches up 40 pts in muted trading; snaps two-day falling streak - BusinessLine,BusinessLine,https://news.google.com/rss/articles/CBMivgFBVV95cUxNRmxqRVRxQ2dfVVZTN3ZaT01iVF9MTWh1ZTFvYjA5QU1IQUZYeDRXMmtfYjViTzNWd2lXLTEzVVk3cHJaZ2p3bmp3SHA4T1ppTk1GdE1jRXRpNzR5Z3otd1NkRzVmUkFCNTZQYXJwbW9yQ0NXM29LU2RxeE5ySjh0cWdGeU9BQnJkODNXYlVjczR0aGVKRWRhMzZldlU0dUpxZGJSZmZ3bVVVZ3R1V1dLWk44NlBmbUJUbFRCY3FB0gHEAUFVX3lxTFByd1g5MmdZZjRub3JrMWV3QzJ2TnBNZ0EzU1ZsQ0VCcUVGdHkzTHE4MW1zeTFwelpKNWlfOGkweTUzMk5JMUF1M19nV3JablRYMGtYNVZVTGh5TC1yWWxWbVFmbW5jQ0lUVUJJRWc4NzJaZ1VNYlpxc2tKamw0eVljbTZ4c0UxS3BlZ2hiRF8yTFJvS1c4SVA1YVZzaDhWOTJUUXZKT3ZadUJUdjRER0w0bW96eXhoajdpSkR5N1FsaHdPZGw?oc=5
CHAMBLFERT.NS,2025-11-27 08:00:00,Declining Stock and Decent Financials: Is The Market Wrong About Chambal Fertilisers and Chemicals Limited (NSE:CHAMBLFERT)? - simplywall.st,simplywall.st,https://news.google.com/rss/articles/CBMi_AFBVV95cUxOWThaNm9xY2EyMWVGRTlxWmlDSHd1cGZBWFpvcS1tanNXU2YyU2dYWnZaZko4cEo4S0g0YkthVVFUcjNGOXlnM3JWU3RTX05MVHFhWU1QT0lBVHpoV0tmSnNwUGZ3U2lVNDRBd2dobmNYRXljVGpleEFFVG51ZE9lVTVrNzBBQVU0ZFdoYzh6RUlQQTlGdnlqRTFGQTY1anFzRGJMRXlsWnlGTXZocThpUWpfUUhjclZ5R3lHZzQzcVU3Vkw3OFVWYWd5QmMtZDE4LTNuT1NNUlNucS04eXh6SjlPb090MFVsVkZSZll2bUNfN2pWQmFyZ29uMmHSAYICQVVfeXFMTmxJVVJyblJEUmpmN21TRzd2NURrQTBKOUtxVFkyNS1SUzR4YmxrOEYwV0k1aUFkMEZHa25RVVhZci1jRklJQlNqcFN1aTA1R0xETFhkSXg3R1ZPa1pWWUlCc1hyMGNUbnJMZnhpTWtQTmx6QTZGSVRUUFJzM3RhbjZtR2pxeEY2dzIwX2dMUnh0OHFHRHhEelNTTWVRRUc4N2ZGMDIxTTU2anhzZGJlWU1QbHJNREgxS0xSV3NLQTlBMkVkMkpaUXlVT3pUMTdBT1Jia1ZmbUdUbkgtNHZvWEY2YnZYTl9HZ2hHTXpmdGlELTFBUGtzbTJMU0NEaS1uMWNR?oc=5
CHAMBLFERT.NS,2025-11-12 08:00:00,Chambal Fertilisers and Chemicals' (NSE:CHAMBLFERT) Profits May Be Overstating Its True Earnings Potential - simplywall.st,simplywall.st,https://news.google.com/rss/articles/CBMi9AFBVV95cUxPOXo5X19ZWFB0UERnNDhfcXdfX0RRNEg4NzRfU0NRR1RGRGVVV3JGX0dseHlJWUdvTXE5VjFrOVNNU1FxLTBEdF85SkQyMlFvbXZCcy1vN090VDFiNG9nWGk5UXJRenV1d0o3T2pUQ1lqSUxqS2VOVjljWF9aOHhwc0M0T0VHalFOeV9yelJoNFlMajhmcS1DUDdYdjZlV3hMS1RQZVZRNXItXzZZZVFYdFg2cWdvaUZoQnhTWjNjdmFzUmFPZlBqak9pRzFfR0JsM3F4ek5uclcteTBMWm1uRUZhaUF4STcwQUVYZWtqQzJUMXZX0gH6AUFVX3lxTE5LaUNWUVUweEs4QWRrcXRzWEpSOHItZTQ0LS1tODNSYnQ4X04zUUVxdzZYdk9Felc3V1gxbDg3YWRTVkQ0V1dneW1iYXVtYm1VUkNCclFzU01vcTFSdTlBSFFQdTUteUJ6NG9Ha0Jlb3d3d1NoY1U0NUVJdGlZMDlXVENKUTB2ZFlvcTRfSDk4NWVMTzRnNVVRLWYyNjUzQ0F2S2pnT0lhN3hEaDQ2cE4zdzJRRzdVTjROUFlKWmRQQWlTUFdnRFc1UkU1UXE0bzZxWGZGc2FTaTdzMUZyaFczU3lrQnkwWU80ZTFJd2ZfdzBHSVh5OGk0ZGc?oc=5
CHAMBLFERT.NS,2025-11-05 08:00:00,Rs 5 interim dividend declared by fertiliser company; record date next week - ET Now,ET Now,https://news.google.com/rss/articles/CBMixAFBVV95cUxNM1hyYVZyeEZkcF8zQmNNUkgtWHhPVk9MaWN5ZHZOMFNrc3hnbmtrZFBzbG5JaXY3elctRGc5VF96ZXYtWndrWGlMVWJlckljV1c1VDRfZ1U4QTRRellNMElGWEh2Qy05a3J3VjJuSVdna1phM05xaGN4NGNobUZ4UUxoQXhvZ3F5RUtjZE9uY1h2dW9fWDNhcUNoX1hZMzExNF9IYjRNclp3RXprZGw1YWNDTFVhcHc2eDZaNS13enl4a3Zm0gHKAUFVX3lxTE5IUnhWbVQ1VW54M3VjRDRwa0NSelNzeG1GYlRTbF9DUFNvcy1XUWNOMzI1RVY1U2c3OXVjLWxOTHV6X2xfazY2cGNCcHVEMTBVQmlCalZUR1BtUTVXMlFibW1tWGJSbVhyNEtpNFVXT0FnaW1KZ2tOSEJWU1hVV1MxNmxUN0l5c1ZvbGV0MTdBTGtjMVdka2twZ01uUkVTTTRhbTh1aGg2SFQwc3l1bk9FM2FPbDNHQ1VSZlI0bTAyVmp1QUJhcm1NdWc?oc=5
CHAMBLFERT.NS,2025-12-19 08:00:00,"CHAMBLFERT Outlook for the Week (December 29, 2025 – January 02, 2026) - Equitypandit",Equitypandit,https://news.google.com/rss/articles/CBMibkFVX3lxTFBybjZVM3pGZVdGX25iTzJwWGlKUmdSVWlpSEdxWHdKV3ZtNG9tUndvOWpTZXRsTnpnYnhRN2d6NnJZTW9sOE9VMjgwSTRNZnZYaDI1X3R3LXUxUGhYSW9oZzBxb0tKaHpkdENIMWRB?oc=5
CHAMBLFERT.NS,2025-12-16 08:00:00,Chambal Fertilisers and Chemicals (NSE:CHAMBLFERT) Is Reinvesting To Multiply In Value - simplywall.st,simplywall.st,https://news.google.com/rss/articles/CBMi9gFBVV95cUxPSHRFY0xCbXpzaGpQS1FiMTFWUkZjVnVXVUVybkNLbTM4NW92U09KY3NKRmVUeEREakVSN2pLZnE4Y3dGVGJuTXJmTlhyTS1FM0FIZ19OcW1RdHQzZEducmFVZ3ZwbXF2eEtJR3R5eGtJanZIZVA1ckFCeVV0YmJYMXZGYU80aEMyTTAzUndNd2JMYUdnSWRVenNuM0J5MDQ4c1JOWDBYSFB3TnViWGU5TncycmZDNkNjZWtyU3VTa3hyN0thanByeDZwd3NkUV96U1ZLaUtrNWFIalNPUlFZa1pvQ1dOSVBRRXNIN25BLWpySmtJS0HSAfsBQVVfeXFMUEJTbmlabC14MG9XV2lKbFN4TWVhYlFoUTNmeE50Yy12Vjh4U1VFQ3BEYjhZZlBzb2xYdUFvSWVFN3p3X25qWmc0MWl1S0hBb29CSjBOenFteGhaQ09jLVN6MkhHQmZoNE9qdThmeFhrVUtaczNTU0xUbzFoZXA1SDZsTjlGZFNqQkpfZFYyZndhSHhtVVB1amxzeF9GZ3hmZE9VMTJDVTNhQnU1Tldtc291djlxRnQyVTNzaERUT3pGTWJSRnlOX0s1eGxfUFoxMHB5UWF2V25rUmhQa0FwczBxQ28zOThvYWp6Ri04cm0tVldRZFJranJvNUk?oc=5
CHAMBLFERT.NS,2025-12-25 21:09:27,Faze Three Limited Approaches Support With Recovery in Sight - Market Profile Overview & Fast Profit Stock Ideas - bollywoodhelpline.com,bollywoodhelpline.com,https://news.google.com/rss/articles/CBMipgFBVV95cUxNaHotbkdia1lwWGFMbTZEZDNNb3JhSlNaRFZROUgtWDJWSWhOM1N0YUE4aFQ0RW9aSmlzLW9BMXllQjMyQXNEX3BrMDJKQWhUR0J1eU8wY2JaS3JhQm5zMk94ZFRrT2xuS1NpOEw5b2E2MUYya3IyQWJ1THdGV2V3NDBLQXMwbXpfeDRjVXJQaWd1b1dCVlliVmNCYzZrOHhHOE8zU0Jn?oc=5
